Date;Log_1;Log_2;Log_3;Log_4;Log_5;Log_6;Log_7;Log_8;Log_9;Log_10
24.06.2019 00:00;19.758;19.662;21.855;19.282;17.189;18.711;20.996;20.234;18.045;19.948
24.06.2019 00:10;19.853;19.377;21.664;19.187;16.999;18.426;20.519;20.138;17.95;19.853
24.06.2019 00:20;19.567;19.187;21.282;19.187;16.713;18.331;20.329;19.948;17.76;19.662
24.06.2019 00:30;19.282;19.282;21.187;18.806;16.523;18.045;20.043;19.758;17.57;19.472
24.06.2019 00:40;19.092;19.187;21.282;18.236;16.427;17.855;19.948;19.662;17.379;19.282
24.06.2019 00:50;18.901;19.092;21.282;17.855;16.332;17.475;19.758;19.567;17.189;19.187
24.06.2019 01:00;18.806;18.806;21.187;17.094;16.141;17.284;19.567;19.567;16.999;18.996
24.06.2019 01:10;18.711;18.426;21.187;16.618;16.046;17.094;19.377;19.377;16.808;18.806
24.06.2019 01:20;18.521;18.236;20.901;16.523;15.951;16.903;19.187;19.187;16.618;18.711
24.06.2019 01:30;18.331;18.14;20.424;16.141;15.951;16.808;18.996;18.996;16.618;18.616
24.06.2019 01:40;18.331;17.855;20.519;15.76;15.76;16.713;19.092;18.806;16.523;18.616
24.06.2019 01:50;18.236;17.76;20.519;15.76;15.473;16.618;19.187;18.616;16.427;18.711
24.06.2019 02:00;17.855;17.76;20.234;15.855;15.378;16.523;19.187;18.331;16.427;18.616
24.06.2019 02:10;17.475;17.76;19.948;15.76;15.378;16.237;18.996;18.236;16.332;18.426
24.06.2019 02:20;17.284;17.76;19.948;15.378;15.282;16.141;18.996;18.045;16.332;18.236
24.06.2019 02:30;17.189;17.475;20.329;15.187;15.187;16.046;18.711;17.855;16.332;17.95
24.06.2019 02:40;17.094;17.284;19.853;15.091;15.282;15.855;18.521;17.76;16.141;17.76
24.06.2019 02:50;16.903;17.189;19.092;15.378;14.996;15.664;18.426;17.665;16.046;17.665
24.06.2019 03:00;16.903;16.903;19.187;14.996;14.709;15.473;18.236;17.57;15.855;17.57
24.06.2019 03:10;16.618;16.903;19.187;13.942;14.613;15.569;18.045;17.379;15.664;17.475
24.06.2019 03:20;16.427;16.903;19.092;14.23;14.613;15.282;17.76;17.284;15.473;17.379
24.06.2019 03:30;16.618;16.808;19.092;14.709;14.613;15.091;17.665;17.189;15.473;17.284
24.06.2019 03:40;16.618;16.427;18.996;14.709;14.23;14.996;17.665;17.094;15.282;17.189
24.06.2019 03:50;16.523;16.427;18.996;14.613;14.517;15.091;17.475;17.094;15.091;16.999
24.06.2019 04:00;16.427;16.427;18.996;14.325;14.325;14.9;17.475;16.903;14.996;16.903
24.06.2019 04:10;16.237;16.427;18.616;13.75;14.038;14.804;17.379;16.808;14.9;16.808
24.06.2019 04:20;16.046;16.427;18.616;13.654;14.038;14.613;17.284;16.713;14.804;16.713
24.06.2019 04:30;15.855;16.427;18.521;13.461;13.942;14.517;16.999;16.523;14.709;16.618
24.06.2019 04:40;15.76;16.237;18.616;13.75;13.846;14.325;16.903;16.427;14.517;16.523
24.06.2019 04:50;15.76;16.141;18.616;14.038;13.75;14.134;16.903;16.427;14.421;16.427
24.06.2019 05:00;15.855;15.951;18.806;14.517;13.558;14.23;16.903;16.237;14.325;16.332
24.06.2019 05:10;15.76;15.951;18.806;13.846;13.558;14.325;16.808;16.141;14.325;16.237
24.06.2019 05:20;15.664;16.046;18.711;13.269;13.75;14.23;16.808;16.046;14.23;16.237
24.06.2019 05:30;15.569;16.046;18.331;13.365;13.75;14.134;16.713;16.046;14.134;16.141
24.06.2019 05:40;15.569;15.855;18.331;13.558;13.365;14.134;16.618;16.046;14.038;16.046
24.06.2019 05:50;15.473;15.855;18.236;13.558;13.75;14.038;16.523;16.141;13.942;16.046
24.06.2019 06:00;15.473;15.855;17.95;13.654;13.654;13.942;16.523;16.237;14.038;16.046
24.06.2019 06:10;15.569;15.76;17.855;13.942;13.654;14.038;16.618;16.332;14.23;16.046
24.06.2019 06:20;15.473;15.76;17.855;14.038;13.846;14.038;16.808;16.427;14.23;16.141
24.06.2019 06:30;15.664;15.951;17.855;14.23;13.942;14.23;16.999;16.427;14.421;16.237
24.06.2019 06:40;15.951;16.237;17.855;14.613;14.23;14.325;16.999;16.523;14.709;16.332
24.06.2019 06:50;15.951;16.523;17.855;15.378;14.613;14.709;16.999;16.523;15.091;16.427
24.06.2019 07:00;15.951;16.618;17.855;16.046;14.9;15.187;16.808;16.618;15.473;16.713
24.06.2019 07:10;16.427;16.618;18.331;16.808;15.378;15.951;16.903;16.713;15.76;17.855
24.06.2019 07:20;16.903;16.999;18.521;17.855;15.951;16.903;17.284;16.713;16.237;18.521
24.06.2019 07:30;17.284;17.475;18.806;18.806;16.237;17.57;17.475;16.808;16.713;18.901
24.06.2019 07:40;17.665;17.76;19.187;19.187;16.523;17.95;17.76;16.999;16.999;19.092
24.06.2019 07:50;17.95;17.95;19.092;19.662;16.903;18.426;18.045;17.475;17.379;19.948
24.06.2019 08:00;18.14;18.236;19.092;20.234;17.665;18.521;18.331;18.045;17.855;20.424
24.06.2019 08:10;18.521;18.616;19.187;20.234;18.236;18.901;18.521;18.616;18.426;20.901
24.06.2019 08:20;18.901;18.806;19.662;20.234;18.806;19.187;18.996;19.092;18.806;21.282
24.06.2019 08:30;19.282;19.092;19.948;20.519;19.377;19.187;19.282;19.853;19.187;21.569
24.06.2019 08:40;19.758;19.472;20.424;20.901;20.043;19.377;19.472;20.615;19.567;21.664
24.06.2019 08:50;20.043;19.662;20.996;21.664;20.71;19.853;19.853;21.187;20.043;22.046
24.06.2019 09:00;20.424;19.853;21.473;22.238;21.569;20.901;20.329;21.664;20.519;22.333
24.06.2019 09:10;21.091;20.329;21.951;22.142;22.142;22.142;20.901;22.142;20.996;22.908
24.06.2019 09:20;21.569;20.805;22.621;22.812;22.429;22.812;21.282;22.621;21.473;23.388
24.06.2019 09:30;21.855;21.282;23.484;22.908;22.429;22.908;21.664;22.621;22.142;23.484
24.06.2019 09:40;22.142;21.664;24.448;23.004;23.1;23.388;22.142;23.004;23.292;24.062
24.06.2019 09:50;22.621;21.951;24.641;23.292;23.581;23.966;22.429;23.196;23.677;24.062
24.06.2019 10:00;23.1;22.429;24.835;23.581;23.773;24.641;22.812;23.581;24.158;24.158
24.06.2019 10:10;23.773;22.812;25.222;23.581;24.255;25.125;23.1;24.062;24.255;24.448
24.06.2019 10:20;24.158;23.292;26.292;23.966;24.738;25.416;23.388;24.351;24.545;24.835
24.06.2019 10:30;24.641;23.677;26;24.351;24.931;25.61;23.677;24.448;24.931;25.319
24.06.2019 10:40;24.738;24.255;26.585;24.738;25.416;26.195;23.869;24.448;25.028;25.416
24.06.2019 10:50;25.222;24.738;26.585;24.738;25.61;26.39;24.062;24.738;25.416;25.416
24.06.2019 11:00;25.805;24.931;27.075;24.738;26.195;26.781;24.738;25.222;25.708;25.902
24.06.2019 11:10;25.805;25.416;27.272;25.416;26.585;26.585;25.028;25.61;26.097;26.292
24.06.2019 11:20;26.097;25.708;27.468;25.513;26.879;26.879;25.416;26;26.683;26.195
24.06.2019 11:30;26.195;25.902;27.961;25.902;26.488;26.879;26.39;26;26.781;26.585
24.06.2019 11:40;26.39;26.683;27.862;25.513;26.879;27.37;27.272;26.195;26.781;26.683
24.06.2019 11:50;26.977;26.488;28.06;26.097;27.567;27.665;27.862;26.39;27.173;26.879
24.06.2019 12:00;27.173;26.977;28.655;26.195;27.567;27.764;27.862;27.173;27.272;27.075
24.06.2019 12:10;27.468;26.585;28.754;26.683;27.173;27.961;27.961;27.468;27.567;27.272
24.06.2019 12:20;27.665;27.173;28.853;26.683;27.173;28.06;27.961;27.37;28.06;27.764
24.06.2019 12:30;27.961;27.173;29.152;27.173;27.272;28.06;28.258;27.665;28.159;27.665
24.06.2019 12:40;28.555;27.567;29.552;27.37;27.272;27.862;28.655;27.862;27.961;28.159
24.06.2019 12:50;29.152;27.37;29.752;27.764;27.272;28.258;29.053;27.764;27.961;28.06
24.06.2019 13:00;29.252;27.665;30.255;27.468;27.173;28.357;29.053;28.159;28.357;28.06
24.06.2019 13:10;29.552;28.06;30.054;27.665;27.37;28.159;29.652;28.258;28.754;28.555
24.06.2019 13:20;29.452;28.853;30.255;27.764;27.665;28.456;29.853;28.159;28.853;28.655
24.06.2019 13:30;29.252;28.555;30.356;27.961;27.862;29.152;29.953;28.258;29.053;29.152
24.06.2019 13:40;29.252;28.456;31.064;28.06;28.159;29.152;30.457;28.853;29.152;29.053
24.06.2019 13:50;29.652;28.754;31.064;28.555;28.555;29.652;30.356;28.953;29.552;29.152
24.06.2019 14:00;29.652;29.053;31.778;28.555;29.152;29.853;30.659;29.252;29.752;29.352
24.06.2019 14:10;30.054;29.652;31.88;28.754;29.452;30.054;30.659;29.953;29.853;29.752
24.06.2019 14:20;30.659;29.652;31.88;28.853;29.752;30.154;31.064;29.853;30.154;29.752
24.06.2019 14:30;30.963;30.255;31.064;29.053;29.853;30.862;31.983;30.154;30.659;29.953
24.06.2019 14:40;30.558;30.558;31.88;29.152;30.457;30.659;32.188;30.054;30.76;29.953
24.06.2019 14:50;30.76;30.457;32.704;29.552;30.76;30.659;32.086;29.853;30.659;30.154
24.06.2019 15:00;30.862;30.963;32.394;29.752;30.255;31.268;32.291;30.255;30.862;29.953
24.06.2019 15:10;31.166;30.862;32.291;29.953;30.963;31.472;32.086;30.659;31.064;29.953
24.06.2019 15:20;32.291;30.862;32.704;30.255;31.472;31.574;32.911;30.963;31.064;29.853
24.06.2019 15:30;32.497;31.166;32.6;30.356;30.963;31.166;32.6;31.064;31.166;29.752
24.06.2019 15:40;32.911;32.188;32.704;31.064;31.166;31.064;32.6;31.472;31.472;29.853
24.06.2019 15:50;31.778;30.76;33.118;30.457;31.064;31.676;32.911;31.472;31.88;29.953
24.06.2019 16:00;31.983;31.676;33.222;30.255;31.37;31.472;32.291;31.472;31.88;30.154
24.06.2019 16:10;32.188;32.394;32.704;30.356;31.88;31.166;32.6;31.88;31.676;30.054
24.06.2019 16:20;32.086;31.166;32.394;30.356;31.983;31.064;32.188;31.88;31.166;30.054
24.06.2019 16:30;32.6;31.472;32.807;30.255;31.983;30.659;31.472;31.676;31.166;29.953
24.06.2019 16:40;32.911;31.676;32.704;30.054;31.676;30.558;31.472;31.574;31.268;29.953
24.06.2019 16:50;32.497;32.188;33.118;30.054;31.574;30.558;31.37;31.472;31.166;29.853
24.06.2019 17:00;32.188;32.291;32.497;29.953;31.574;30.457;31.268;31.166;30.963;29.953
24.06.2019 17:10;32.086;31.574;32.6;30.054;31.574;30.255;31.37;31.166;30.659;29.953
24.06.2019 17:20;31.676;31.574;32.6;30.054;31.37;30.76;30.963;31.574;30.862;29.853
24.06.2019 17:30;31.778;31.778;32.394;30.255;31.676;30.659;30.963;31.37;30.963;29.853
24.06.2019 17:40;32.086;31.778;32.394;30.154;31.983;30.558;30.76;31.472;30.76;30.054
24.06.2019 17:50;32.704;31.778;32.086;30.054;32.188;30.457;31.166;31.064;30.659;30.054
24.06.2019 18:00;32.6;31.88;31.88;30.154;32.086;30.356;31.064;30.659;30.457;29.953
24.06.2019 18:10;32.6;31.778;31.676;30.054;31.88;30.054;30.862;30.457;30.255;29.953
24.06.2019 18:20;31.88;31.88;31.472;29.853;31.574;29.953;30.76;30.356;29.953;30.054
24.06.2019 18:30;31.574;31.574;31.064;29.752;31.268;29.953;30.659;30.356;29.953;30.054
24.06.2019 18:40;31.676;31.166;31.166;29.552;31.064;29.953;30.862;30.154;29.953;29.953
24.06.2019 18:50;31.472;30.659;30.862;29.152;30.862;29.953;30.76;30.255;29.853;29.953
24.06.2019 19:00;31.166;30.356;30.862;28.655;30.457;29.752;30.558;30.154;29.652;29.853
24.06.2019 19:10;30.963;30.154;30.659;27.961;30.154;29.552;30.558;29.953;29.352;29.652
24.06.2019 19:20;30.154;29.953;30.457;27.272;29.552;29.352;30.457;29.953;29.152;29.452
24.06.2019 19:30;29.352;29.752;30.255;26.977;29.053;29.053;30.255;29.652;28.853;29.252
24.06.2019 19:40;28.953;29.652;30.154;26.585;28.655;28.853;30.154;29.652;28.655;29.053
24.06.2019 19:50;28.555;29.552;30.054;26;28.258;28.555;30.154;29.452;28.357;28.853
24.06.2019 20:00;27.961;29.452;29.853;25.61;27.862;28.159;30.054;29.053;28.258;28.655
24.06.2019 20:10;27.468;29.352;29.652;25.805;27.272;27.764;29.752;28.754;27.862;28.456
24.06.2019 20:20;26.977;28.953;29.452;26.097;26.683;27.468;29.452;28.655;27.567;28.258
24.06.2019 20:30;26.683;28.655;29.152;25.902;26.292;27.075;29.252;28.555;27.075;27.961
24.06.2019 20:40;26.488;28.357;28.953;25.61;26;26.781;29.053;28.258;26.683;27.764
24.06.2019 20:50;26.292;28.06;28.953;25.416;25.61;26.39;28.953;28.06;26.195;27.468
24.06.2019 21:00;26;27.665;28.754;25.222;25.222;26;28.853;27.862;25.708;27.272
24.06.2019 21:10;25.805;27.075;28.555;25.319;24.641;25.513;28.555;27.665;25.319;27.075
24.06.2019 21:20;25.416;26.781;28.258;24.931;24.255;25.125;28.456;27.468;24.835;26.781
24.06.2019 21:30;24.835;26.488;28.06;24.738;23.773;24.738;28.06;27.272;24.448;26.585
24.06.2019 21:40;24.448;26.292;27.961;24.448;23.388;24.255;27.173;27.075;24.158;26.292
24.06.2019 21:50;24.448;25.902;27.468;24.255;23.004;23.677;26.781;26.781;23.773;26
24.06.2019 22:00;23.966;25.708;27.272;23.966;22.621;23.292;26.292;26.39;23.292;25.708
24.06.2019 22:10;23.581;25.416;27.075;23.581;22.333;22.717;25.902;26;22.908;25.513
24.06.2019 22:20;23.196;25.125;26.683;23.581;22.142;22.429;25.61;25.61;22.621;25.319
24.06.2019 22:30;23.1;24.931;26.39;23.773;21.76;22.333;25.513;25.319;22.333;25.125
24.06.2019 22:40;23.1;24.448;26.195;23.869;21.378;22.142;25.222;24.931;22.142;24.835
24.06.2019 22:50;23.388;23.773;26;23.869;21.282;21.951;24.835;24.641;21.951;24.641
24.06.2019 23:00;23.773;23.484;25.902;23.773;21.091;21.76;24.738;24.448;21.76;24.351
24.06.2019 23:10;24.062;23.292;25.708;23.484;20.71;21.664;24.931;24.448;21.76;24.158
24.06.2019 23:20;23.773;23.388;25.61;23.196;20.615;21.473;25.028;24.351;21.855;23.966
24.06.2019 23:30;23.677;23.292;25.416;22.429;20.519;21.187;24.641;24.255;21.76;23.677
24.06.2019 23:40;23.388;23.196;25.222;21.664;20.234;21.091;24.351;24.158;21.664;23.484
24.06.2019 23:50;23.1;22.908;24.931;22.142;20.138;20.901;24.255;23.869;21.569;23.292
25.06.2019 00:00;22.717;22.717;24.835;22.525;19.948;20.71;24.062;23.581;21.282;23.1
25.06.2019 00:10;22.333;22.621;24.641;22.238;19.758;20.519;23.966;23.1;20.996;23.004
25.06.2019 00:20;22.046;22.525;24.448;20.996;19.662;20.329;23.773;22.812;20.805;22.812
25.06.2019 00:30;21.76;22.238;24.255;20.234;19.567;20.234;23.581;22.812;20.615;22.717
25.06.2019 00:40;21.378;22.142;24.255;19.567;19.377;20.043;23.292;22.908;20.329;22.429
25.06.2019 00:50;21.091;22.046;24.158;19.282;19.282;19.853;23.1;22.333;20.234;22.238
25.06.2019 01:00;21.187;21.855;23.869;19.187;19.092;19.662;22.717;22.142;20.138;22.046
25.06.2019 01:10;21.187;21.76;23.869;19.282;18.996;19.662;22.621;22.046;19.948;21.855
25.06.2019 01:20;21.091;21.569;23.581;19.282;18.806;19.567;22.333;21.855;19.758;21.664
25.06.2019 01:30;20.996;21.378;23.388;19.092;18.616;19.377;22.238;21.951;19.567;21.569
25.06.2019 01:40;20.71;21.282;23.1;18.996;18.426;19.282;21.951;21.664;19.472;21.473
25.06.2019 01:50;20.424;21.187;22.908;18.806;18.331;19.282;21.855;21.378;19.377;21.282
25.06.2019 02:00;20.424;20.901;22.908;18.236;18.14;19.187;21.664;21.091;19.282;21.187
25.06.2019 02:10;20.424;20.519;22.717;18.236;18.045;18.996;21.569;20.996;19.092;21.091
25.06.2019 02:20;20.043;20.519;22.525;18.616;17.95;18.901;21.473;20.996;18.996;20.901
25.06.2019 02:30;19.948;20.424;22.429;18.426;17.855;18.806;21.473;20.901;18.711;20.805
25.06.2019 02:40;19.853;20.424;22.333;17.094;17.665;18.711;21.378;20.901;18.521;20.615
25.06.2019 02:50;19.758;20.424;22.238;16.999;17.665;18.616;21.282;20.424;18.426;20.519
25.06.2019 03:00;19.758;20.234;22.046;17.284;17.57;18.521;20.996;20.138;18.331;20.424
25.06.2019 03:10;19.758;19.758;21.855;17.665;17.379;18.331;20.996;20.138;18.331;20.329
25.06.2019 03:20;19.567;19.758;21.951;17.76;17.379;18.236;20.996;20.234;18.236;20.138
25.06.2019 03:30;19.377;19.758;21.855;17.665;17.284;18.14;20.901;20.329;18.14;20.138
25.06.2019 03:40;19.377;19.567;21.664;16.713;17.189;17.95;20.71;20.138;17.95;19.948
25.06.2019 03:50;19.187;19.472;21.664;16.523;17.189;17.855;20.519;19.853;17.855;19.853
25.06.2019 04:00;19.092;19.377;21.569;16.903;16.903;17.76;20.519;19.948;17.76;19.853
25.06.2019 04:10;19.092;19.282;21.473;16.713;16.808;17.76;20.424;20.043;17.665;19.853
25.06.2019 04:20;18.806;19.187;21.378;16.618;16.903;17.665;20.329;19.948;17.57;19.853
25.06.2019 04:30;18.711;19.092;21.282;16.713;16.903;17.665;20.234;19.758;17.475;19.853
25.06.2019 04:40;18.711;18.901;21.187;16.808;16.808;17.379;20.138;19.567;17.379;19.758
25.06.2019 04:50;18.806;18.806;20.996;16.808;16.618;17.284;19.853;19.377;17.284;19.662
25.06.2019 05:00;18.996;18.901;21.187;16.903;16.713;17.189;19.758;19.187;17.284;19.567
25.06.2019 05:10;19.092;18.806;20.71;17.57;16.808;17.094;19.758;19.092;17.475;19.472
25.06.2019 05:20;19.472;18.901;20.329;17.094;16.523;16.999;19.758;19.092;17.95;19.377
25.06.2019 05:30;19.567;18.806;20.234;16.808;16.332;16.903;19.472;19.092;18.14;19.187
25.06.2019 05:40;19.567;18.616;20.424;16.523;16.332;16.808;19.092;18.996;18.14;19.092
25.06.2019 05:50;19.567;18.616;20.424;15.951;16.427;16.808;18.996;18.901;17.855;19.187
25.06.2019 06:00;19.472;18.616;20.519;16.141;16.523;16.713;19.187;18.901;17.76;19.187
25.06.2019 06:10;19.472;18.806;20.234;16.523;16.618;16.808;19.282;18.711;17.76;19.187
25.06.2019 06:20;19.472;18.806;19.853;16.237;16.808;16.903;19.377;18.711;17.76;19.187
25.06.2019 06:30;19.567;18.901;19.758;16.999;16.999;16.999;19.282;18.806;17.855;19.187
25.06.2019 06:40;19.567;18.996;19.662;17.284;17.379;17.094;19.567;18.806;17.855;19.377
25.06.2019 06:50;19.662;19.282;19.758;17.855;17.475;17.475;19.758;18.806;17.95;19.472
25.06.2019 07:00;19.948;19.282;20.043;18.521;17.855;17.855;20.043;18.996;18.236;19.853
25.06.2019 07:10;20.043;19.282;20.329;19.092;18.14;18.426;20.043;19.187;18.806;20.519
25.06.2019 07:20;20.138;19.472;20.901;20.138;18.521;19.187;20.138;19.567;19.282;20.996
25.06.2019 07:30;20.138;19.758;21.282;20.71;18.806;19.662;20.424;19.948;19.662;21.378
25.06.2019 07:40;20.234;20.043;21.855;20.805;19.472;19.948;20.615;20.424;19.948;21.664
25.06.2019 07:50;20.615;20.329;22.238;21.091;19.948;20.234;21.091;20.805;20.329;21.855
25.06.2019 08:00;20.805;20.71;22.717;21.664;20.519;20.615;21.282;21.378;20.71;22.142
25.06.2019 08:10;21.187;21.091;22.621;21.664;20.901;20.996;21.569;21.855;21.091;22.717
25.06.2019 08:20;21.473;21.569;22.621;22.238;21.282;21.378;21.855;22.333;21.569;23.484
25.06.2019 08:30;21.855;21.951;22.621;23.004;21.664;21.76;22.238;22.717;22.046;24.158
25.06.2019 08:40;22.333;22.429;23.292;23.004;22.046;22.238;22.621;23.004;22.525;24.351
25.06.2019 08:50;22.717;22.717;23.773;23.004;22.621;22.621;23.292;23.484;23.004;24.351
25.06.2019 09:00;23.004;23.004;24.351;23.677;23.388;23.484;23.677;23.869;23.388;24.351
25.06.2019 09:10;23.388;23.292;24.641;24.255;24.351;24.448;23.966;24.158;23.773;25.028
25.06.2019 09:20;23.773;23.677;24.931;24.835;24.255;24.931;24.448;24.351;24.158;25.222
25.06.2019 09:30;24.351;23.966;26.195;25.222;24.448;25.513;24.641;24.738;24.835;26
25.06.2019 09:40;24.738;24.448;26.879;25.61;24.835;26;25.028;25.416;25.513;26.879
25.06.2019 09:50;25.222;24.835;27.173;26;25.319;26;25.61;25.708;26.097;26.879
25.06.2019 10:00;25.61;25.125;27.567;26.097;25.513;26.488;26.097;26.097;26.097;27.075
25.06.2019 10:10;26.292;25.513;27.862;26.292;26.097;26.977;25.902;26.585;27.075;27.272
25.06.2019 10:20;26.683;25.902;28.853;26.585;26.39;27.075;26.292;27.173;27.272;27.665
25.06.2019 10:30;27.075;26.488;29.152;26.683;26.781;27.272;26.683;27.468;27.37;27.468
25.06.2019 10:40;27.468;27.075;29.252;26.683;27.075;27.272;27.173;27.468;27.567;27.665
25.06.2019 10:50;27.665;27.272;30.054;27.272;27.764;27.862;27.37;27.764;27.862;27.567
25.06.2019 11:00;27.961;27.567;30.154;27.665;27.862;28.06;27.862;28.159;28.357;27.862
25.06.2019 11:10;28.159;27.862;30.457;27.764;28.06;27.961;27.961;28.655;28.754;28.258
25.06.2019 11:20;28.456;27.961;30.558;27.862;28.357;28.159;28.258;28.953;28.754;28.357
25.06.2019 11:30;28.655;28.258;30.659;28.357;28.655;28.258;28.655;29.053;28.953;28.754
25.06.2019 11:40;28.853;28.555;31.064;28.357;28.655;28.655;29.252;29.152;29.352;29.053
25.06.2019 11:50;29.652;29.152;30.76;28.754;29.152;28.853;30.154;29.552;29.352;29.552
25.06.2019 12:00;29.652;29.252;30.963;29.352;29.252;29.352;30.659;29.853;30.154;29.853
25.06.2019 12:10;29.953;29.452;30.963;29.552;29.053;29.552;30.054;30.054;30.356;30.054
25.06.2019 12:20;30.862;30.154;31.574;29.853;29.752;29.652;30.558;30.356;30.558;30.054
25.06.2019 12:30;31.37;30.356;31.88;29.853;29.853;30.255;31.676;30.76;30.659;30.255
25.06.2019 12:40;31.064;30.558;31.88;30.154;29.853;30.76;32.188;30.356;30.76;30.558
25.06.2019 12:50;31.37;30.862;32.394;30.963;30.054;30.457;32.086;30.356;31.166;30.963
25.06.2019 13:00;31.574;30.558;31.778;30.558;30.054;30.862;32.497;30.76;31.268;31.166
25.06.2019 13:10;32.188;31.064;31.983;30.457;30.154;31.37;32.6;31.268;31.472;31.37
25.06.2019 13:20;32.188;31.268;32.086;30.255;30.154;31.268;33.014;31.676;31.676;31.778
25.06.2019 13:30;32.497;31.064;32.497;30.659;30.356;31.37;33.014;31.88;31.983;32.086
25.06.2019 13:40;32.497;31.983;33.535;30.862;30.963;31.268;33.639;31.778;32.291;32.6
25.06.2019 13:50;32.6;32.291;33.639;31.166;31.268;31.88;33.743;32.086;32.497;32.394
25.06.2019 14:00;33.014;32.497;33.848;31.268;32.188;32.394;33.953;32.291;32.6;32.394
25.06.2019 14:10;32.911;32.704;34.268;31.166;32.497;32.807;34.585;32.6;32.911;32.6
25.06.2019 14:20;33.222;33.118;33.848;31.064;32.807;33.014;34.163;32.394;33.118;32.6
25.06.2019 14:30;33.118;33.326;34.268;31.574;32.807;33.326;34.374;32.6;33.326;32.807
25.06.2019 14:40;33.222;32.807;34.585;31.983;33.118;33.014;34.585;32.704;33.43;32.704
25.06.2019 14:50;33.222;33.326;34.796;31.983;33.43;33.535;35.009;33.222;33.535;33.222
25.06.2019 15:00;33.639;33.639;34.585;32.188;33.743;33.535;35.009;33.326;33.743;32.911
25.06.2019 15:10;34.163;33.43;35.328;32.291;34.163;33.848;34.691;33.326;33.43;32.704
25.06.2019 15:20;34.163;33.535;35.222;32.497;33.953;33.743;35.009;33.535;33.743;32.6
25.06.2019 15:30;33.848;34.058;35.115;33.014;34.163;33.743;35.542;33.639;33.743;32.497
25.06.2019 15:40;33.953;34.058;35.009;33.118;34.585;34.058;35.542;34.058;34.058;32.704
25.06.2019 15:50;34.374;33.639;35.328;32.911;34.374;33.326;35.115;33.743;34.058;32.704
25.06.2019 16:00;34.374;34.058;35.542;32.704;34.479;33.43;34.903;33.743;33.848;32.6
25.06.2019 16:10;34.479;34.374;35.756;32.6;34.058;33.43;35.009;33.743;33.743;32.704
25.06.2019 16:20;34.374;34.374;35.328;32.6;34.163;33.43;34.585;33.848;33.743;32.6
25.06.2019 16:30;34.268;33.953;35.328;32.6;34.374;32.911;33.953;33.743;33.743;32.497
25.06.2019 16:40;34.163;34.058;35.009;32.911;34.374;33.014;33.953;33.953;33.43;32.704
25.06.2019 16:50;34.903;34.163;34.903;33.222;34.479;33.222;33.953;34.058;33.535;32.704
25.06.2019 17:00;34.691;34.691;35.222;32.807;34.268;33.222;34.058;33.848;33.222;32.807
25.06.2019 17:10;34.585;34.796;35.115;33.222;34.163;33.118;33.848;33.953;33.014;32.704
25.06.2019 17:20;34.585;34.374;35.435;33.118;34.374;33.222;33.743;33.743;33.43;32.704
25.06.2019 17:30;34.585;34.585;35.115;32.807;34.374;33.014;33.953;33.535;33.43;32.704
25.06.2019 17:40;34.585;34.691;35.222;32.704;34.585;32.807;33.953;33.535;33.326;32.704
25.06.2019 17:50;34.691;34.691;34.691;32.704;34.691;32.807;33.639;33.743;33.118;32.704
25.06.2019 18:00;34.903;34.796;34.374;32.6;34.903;32.807;33.639;33.43;32.911;32.807
25.06.2019 18:10;34.691;34.585;34.163;32.704;34.585;32.807;33.535;33.118;32.807;32.807
25.06.2019 18:20;34.585;34.479;33.953;32.394;34.479;32.704;33.639;33.118;32.807;32.807
25.06.2019 18:30;34.903;34.691;33.743;32.291;34.585;32.704;33.535;33.118;32.807;32.704
25.06.2019 18:40;34.585;34.374;33.743;32.188;34.268;32.6;33.43;33.014;32.704;32.704
25.06.2019 18:50;34.374;34.268;33.639;31.676;34.058;32.6;33.43;33.014;32.704;32.6
25.06.2019 19:00;34.058;33.639;33.43;31.37;33.953;32.394;33.326;33.014;32.497;32.497
25.06.2019 19:10;33.848;33.118;33.222;30.963;33.639;32.394;33.118;32.911;32.291;32.394
25.06.2019 19:20;33.326;33.014;33.118;30.659;33.535;32.188;33.118;32.911;32.086;32.291
25.06.2019 19:30;32.6;32.807;33.014;30.457;33.118;32.086;33.014;32.807;31.778;32.188
25.06.2019 19:40;31.983;32.6;32.911;29.853;32.6;31.88;33.014;32.807;31.574;32.086
25.06.2019 19:50;31.574;32.394;32.807;29.452;31.983;31.574;32.911;32.6;31.268;31.983
25.06.2019 20:00;31.166;32.291;32.6;29.053;31.166;31.166;32.704;32.291;31.064;31.778
25.06.2019 20:10;30.862;31.983;32.394;28.953;30.558;30.862;32.6;32.086;30.558;31.472
25.06.2019 20:20;30.255;31.778;32.188;28.555;29.552;30.255;32.291;31.778;29.953;31.064
25.06.2019 20:30;29.752;31.37;31.88;28.159;28.853;29.552;32.086;31.37;29.252;30.76
25.06.2019 20:40;29.452;30.356;31.676;27.862;28.159;29.053;31.88;31.064;28.456;30.457
25.06.2019 20:50;28.953;29.452;31.472;27.075;27.567;28.456;31.574;30.862;27.764;30.154
25.06.2019 21:00;28.456;29.352;31.166;26.39;27.075;27.764;31.37;30.558;27.272;29.752
25.06.2019 21:10;27.862;29.252;30.862;26.585;26.585;27.075;31.064;30.154;26.781;29.352
25.06.2019 21:20;27.37;28.953;30.558;26.195;26.097;26.39;30.356;29.752;26.097;28.853
25.06.2019 21:30;26.879;28.555;30.356;25.805;25.513;25.708;29.552;29.152;25.61;28.258
25.06.2019 21:40;26.683;28.159;30.154;24.641;25.028;25.319;28.953;28.456;25.222;27.567
25.06.2019 21:50;26.683;27.862;29.752;24.545;24.738;24.931;28.456;27.961;24.835;27.075
25.06.2019 22:00;26.195;27.567;29.452;23.773;24.255;24.641;28.06;27.764;24.641;26.879
25.06.2019 22:10;25.902;27.075;29.152;24.062;23.869;24.255;27.764;27.567;24.448;26.585
25.06.2019 22:20;25.708;26.292;28.555;23.966;23.484;24.062;27.468;27.272;24.545;26.39
25.06.2019 22:30;25.416;26;28.456;23.292;23.196;24.738;27.173;26.781;24.255;26.097
25.06.2019 22:40;24.835;26.097;28.258;22.525;22.908;24.351;27.075;26.39;23.869;26
25.06.2019 22:50;24.545;26;28.258;22.812;22.525;23.966;26.585;25.902;23.773;25.902
25.06.2019 23:00;24.448;25.805;27.961;23.196;22.429;23.484;26.39;25.513;23.966;25.708
25.06.2019 23:10;24.351;25.61;27.862;23.484;22.333;23.196;26.292;25.513;23.869;25.416
25.06.2019 23:20;24.351;24.835;27.665;23.677;22.142;23.581;26.195;25.61;23.581;25.125
25.06.2019 23:30;24.351;24.738;26.977;23.388;21.951;24.158;25.902;25.416;23.196;24.931
25.06.2019 23:40;24.351;24.448;26.781;22.717;21.76;24.158;25.902;25.319;22.812;24.738
25.06.2019 23:50;24.255;24.062;26.585;22.238;21.569;24.448;25.902;25.416;22.525;24.545
26.06.2019 00:00;24.158;24.255;26.488;21.378;21.378;24.062;25.805;25.319;22.333;24.351
26.06.2019 00:10;23.966;24.158;26.292;21.091;21.187;23.196;25.61;24.835;22.142;24.255
26.06.2019 00:20;23.869;24.062;26.097;20.805;21.091;22.812;25.416;24.641;21.951;24.062
26.06.2019 00:30;23.677;23.773;25.805;21.091;20.901;22.525;25.319;24.351;21.76;23.869
26.06.2019 00:40;23.581;23.773;25.513;21.187;20.71;22.238;25.222;24.062;21.569;23.773
26.06.2019 00:50;23.581;23.484;25.416;21.187;20.424;22.142;25.028;24.062;21.378;23.581
26.06.2019 01:00;23.773;23.484;25.319;21.473;20.234;22.046;25.028;24.158;21.187;23.484
26.06.2019 01:10;23.869;23.292;25.222;21.091;20.138;21.855;24.931;24.448;21.091;23.388
26.06.2019 01:20;23.773;23.292;25.222;20.615;20.043;21.76;24.641;24.448;20.996;23.292
26.06.2019 01:30;23.388;23.292;25.125;20.519;19.853;21.569;24.448;24.255;20.996;23.292
26.06.2019 01:40;23.388;23.004;25.125;20.805;19.853;21.378;24.158;24.255;21.091;23.196
26.06.2019 01:50;23.292;22.717;24.931;20.996;19.758;21.187;23.966;24.062;20.996;23.292
26.06.2019 02:00;23.1;22.429;24.931;20.996;19.662;21.091;23.966;23.869;20.901;23.292
26.06.2019 02:10;23.292;22.238;24.738;20.996;19.662;20.901;23.581;23.773;20.71;23.292
26.06.2019 02:20;23.581;22.046;24.641;20.519;19.758;20.71;23.1;23.773;20.996;23.196
26.06.2019 02:30;23.677;22.046;24.641;20.043;19.853;20.615;23.1;23.581;21.187;23.1
26.06.2019 02:40;23.677;22.046;24.641;19.948;19.853;20.519;22.812;23.388;21.282;23.004
26.06.2019 02:50;23.388;21.855;24.448;20.519;19.853;20.519;22.812;23.388;21.473;22.908
26.06.2019 03:00;23.1;21.664;24.158;20.138;19.948;20.424;22.621;23.292;21.473;22.812
26.06.2019 03:10;23.1;21.569;23.966;19.853;19.853;20.329;22.621;23.292;21.378;22.621
26.06.2019 03:20;23.1;21.473;23.773;19.567;19.948;20.234;22.525;23.388;21.473;22.621
26.06.2019 03:30;22.908;21.378;23.484;19.853;20.043;20.138;22.621;22.812;21.378;22.525
26.06.2019 03:40;22.717;21.378;23.292;20.615;20.043;20.043;22.621;23.1;21.378;22.429
26.06.2019 03:50;22.525;21.282;23.292;20.71;19.948;19.948;22.429;23.581;21.282;22.238
26.06.2019 04:00;22.525;21.187;23.196;20.519;20.043;19.853;22.429;23.677;21.187;22.142
26.06.2019 04:10;22.429;21.187;23.004;19.662;20.519;19.758;22.333;23.677;21.091;22.046
26.06.2019 04:20;22.333;20.996;23.004;18.996;20.901;19.758;22.333;23.677;20.901;21.951
26.06.2019 04:30;22.238;20.996;22.717;18.711;21.091;19.662;22.238;23.581;20.805;22.046
26.06.2019 04:40;22.142;20.996;22.621;18.901;21.091;19.567;22.238;23.581;20.805;22.142
26.06.2019 04:50;22.046;20.996;22.908;18.711;21.187;19.472;22.238;23.196;20.805;21.951
26.06.2019 05:00;22.046;20.996;22.908;18.806;21.187;19.377;22.238;22.717;20.71;21.855
26.06.2019 05:10;22.046;20.996;22.717;18.711;20.996;19.282;22.142;22.717;20.615;21.951
26.06.2019 05:20;21.951;20.996;22.621;18.711;20.805;19.187;22.142;22.142;20.519;21.855
26.06.2019 05:30;21.951;20.996;22.621;18.711;20.519;19.092;22.046;22.046;20.519;21.855
26.06.2019 05:40;21.855;20.805;22.525;18.331;20.043;18.901;22.046;22.046;20.519;21.664
26.06.2019 05:50;21.855;20.805;22.621;18.331;19.662;18.901;21.951;21.951;20.329;21.473
26.06.2019 06:00;21.855;20.71;22.525;18.045;19.472;18.901;21.855;21.855;20.329;21.473
26.06.2019 06:10;21.76;20.71;22.429;18.521;19.377;18.901;21.76;21.951;20.234;21.378
26.06.2019 06:20;21.76;20.805;22.429;18.996;19.377;18.996;21.76;21.855;20.424;21.378
26.06.2019 06:30;21.855;21.091;22.429;19.567;19.472;19.282;21.855;21.569;20.615;21.378
26.06.2019 06:40;21.855;21.282;22.525;20.043;19.758;19.282;21.951;21.569;20.71;21.473
26.06.2019 06:50;21.855;21.473;22.717;20.138;20.043;19.662;21.951;21.569;20.805;21.569
26.06.2019 07:00;22.046;21.664;22.621;20.805;20.329;20.043;22.046;22.429;20.996;21.76
26.06.2019 07:10;22.046;21.855;22.908;21.378;20.996;20.615;22.046;22.429;21.091;22.333
26.06.2019 07:20;22.046;22.142;23.196;22.333;21.76;21.282;22.238;22.812;21.282;22.908
26.06.2019 07:30;22.238;22.333;23.869;23.004;22.238;21.855;22.333;23.388;21.569;23.484
26.06.2019 07:40;22.525;22.429;23.966;24.062;22.717;22.429;22.717;23.677;21.855;23.966
26.06.2019 07:50;22.621;22.621;24.158;24.641;23.004;22.525;22.908;24.062;22.238;24.351
26.06.2019 08:00;22.908;22.812;24.448;25.222;23.292;22.525;23.1;24.351;22.525;24.738
26.06.2019 08:10;23.1;23.196;24.931;25.61;23.581;23.004;23.581;24.641;22.908;24.835
26.06.2019 08:20;23.484;23.677;25.222;25.902;23.966;23.388;23.869;24.931;23.1;25.125
26.06.2019 08:30;23.773;24.062;25.125;25.708;24.351;23.484;23.869;25.028;23.388;25.319
26.06.2019 08:40;23.966;24.351;25.319;25.61;24.448;23.677;24.255;25.319;23.581;25.416
26.06.2019 08:50;24.255;24.545;25.61;25.513;24.738;23.869;24.545;25.513;23.966;25.513
26.06.2019 09:00;24.448;24.738;25.902;25.708;25.222;24.738;24.738;25.805;24.351;25.805
26.06.2019 09:10;25.028;25.028;26.292;26.39;25.416;25.805;24.931;26.292;24.835;26.292
26.06.2019 09:20;25.416;25.319;26.683;26.585;25.708;26.292;25.222;26.683;25.416;26.879
26.06.2019 09:30;25.805;25.61;27.665;26.977;25.902;26.585;25.513;27.272;26.195;27.567
26.06.2019 09:40;26.097;26;28.555;27.37;26.292;27.468;26;27.665;27.075;28.258
26.06.2019 09:50;26.585;26.488;29.252;27.961;26.683;28.06;26.39;28.159;27.665;28.357
26.06.2019 10:00;27.37;26.781;30.054;28.456;27.173;28.258;26.879;28.853;28.159;28.853
26.06.2019 10:10;28.258;27.272;29.953;29.053;27.37;29.053;27.075;29.053;28.754;29.252
26.06.2019 10:20;28.853;27.862;30.054;29.152;27.961;29.452;27.468;29.252;29.252;29.652
26.06.2019 10:30;29.152;28.655;30.356;29.452;28.357;29.352;28.06;29.652;29.452;30.054
26.06.2019 10:40;29.752;29.552;31.268;30.154;28.655;29.552;28.655;29.953;29.552;30.356
26.06.2019 10:50;30.154;29.953;31.88;29.953;29.652;29.552;29.252;30.255;29.853;30.76
26.06.2019 11:00;30.558;30.054;32.394;29.853;30.154;30.154;29.252;30.76;30.255;30.963
26.06.2019 11:10;30.76;30.054;32.6;30.457;29.652;30.862;29.752;30.76;30.76;31.472
26.06.2019 11:20;30.76;30.457;32.704;30.659;29.853;31.268;30.659;30.963;31.166;31.983
26.06.2019 11:30;31.166;30.862;32.807;30.963;30.255;31.37;31.37;31.166;31.268;31.778
26.06.2019 11:40;31.574;30.659;33.014;31.064;30.76;31.472;31.676;31.37;31.37;31.983
26.06.2019 11:50;32.394;30.963;33.014;31.37;31.166;31.574;32.704;31.574;31.983;32.188
26.06.2019 12:00;32.704;31.166;32.807;31.778;31.778;31.88;33.014;31.88;32.188;32.291
26.06.2019 12:10;32.807;31.983;33.222;31.983;32.291;32.394;33.014;32.086;32.188;32.497
26.06.2019 12:20;33.014;32.086;33.743;31.778;32.394;32.497;33.326;32.497;32.497;32.704
26.06.2019 12:30;33.118;32.704;34.479;32.188;31.472;32.6;33.535;32.6;32.6;33.014
26.06.2019 12:40;33.014;32.807;34.691;32.807;31.268;33.014;33.43;32.911;32.807;33.222
26.06.2019 12:50;33.43;33.222;34.163;33.118;31.574;33.43;33.743;33.326;33.222;33.222
26.06.2019 13:00;34.163;33.326;34.585;33.222;32.188;33.118;34.585;33.535;33.222;33.43
26.06.2019 13:10;33.326;33.118;34.691;33.118;32.086;33.43;34.796;33.743;33.743;33.639
26.06.2019 13:20;34.163;33.535;34.691;32.911;32.086;33.326;35.328;33.743;33.639;33.43
26.06.2019 13:30;34.163;34.268;35.328;33.222;32.394;33.743;34.796;33.848;33.848;33.639
26.06.2019 13:40;34.374;34.585;35.435;33.535;32.704;33.743;35.009;34.268;34.268;34.058
26.06.2019 13:50;34.796;33.848;35.864;33.222;33.222;33.953;35.649;34.691;34.585;34.479
26.06.2019 14:00;35.009;33.953;36.403;33.118;33.743;34.268;36.187;34.374;34.268;34.796
26.06.2019 14:10;34.585;34.479;36.079;33.535;33.743;34.163;36.187;34.796;34.374;34.585
26.06.2019 14:20;35.009;34.374;36.079;33.639;33.953;34.796;36.187;34.903;34.691;34.374
26.06.2019 14:30;35.756;34.374;36.511;34.163;34.691;35.222;35.864;34.796;34.796;34.479
26.06.2019 14:40;35.756;34.903;36.511;34.691;35.009;35.009;36.079;35.435;35.009;34.796
26.06.2019 14:50;35.971;35.009;36.837;34.479;35.115;35.435;36.295;35.435;34.796;34.903
26.06.2019 15:00;36.511;35.542;37.165;34.374;35.009;35.435;36.62;35.542;35.435;34.796
26.06.2019 15:10;35.971;35.009;37.494;34.374;35.328;35.649;36.403;35.542;35.542;34.585
26.06.2019 15:20;35.542;35.328;37.165;34.479;35.864;35.756;36.946;35.435;35.649;34.374
26.06.2019 15:30;35.864;35.971;37.165;34.479;35.864;35.864;37.055;35.756;35.756;34.374
26.06.2019 15:40;35.864;36.079;37.055;35.222;36.187;35.756;37.384;36.079;35.756;34.268
26.06.2019 15:50;36.079;36.079;37.165;34.796;35.756;36.079;37.384;36.295;35.435;34.268
26.06.2019 16:00;36.837;36.187;37.274;34.691;35.864;36.187;36.837;35.864;35.435;34.058
26.06.2019 16:10;36.728;35.864;37.274;34.903;36.079;35.756;36.946;35.864;35.649;34.163
26.06.2019 16:20;36.837;36.403;37.714;34.585;36.403;35.435;36.946;35.971;35.649;34.163
26.06.2019 16:30;37.055;36.295;37.714;34.374;36.403;34.903;36.837;36.187;35.435;34.163
26.06.2019 16:40;37.274;35.971;37.055;34.585;36.403;34.796;36.295;36.295;35.222;34.058
26.06.2019 16:50;37.055;35.864;37.384;35.009;36.511;34.691;36.403;35.649;34.903;34.058
26.06.2019 17:00;36.946;36.728;37.604;34.796;36.837;34.585;36.511;35.756;35.115;34.058
26.06.2019 17:10;36.511;36.511;37.274;34.691;36.837;34.585;36.403;35.864;35.328;34.163
26.06.2019 17:20;36.946;36.187;37.604;34.691;36.511;34.691;35.864;36.187;35.542;34.268
26.06.2019 17:30;37.494;36.403;37.935;35.115;36.62;34.585;35.971;36.511;35.435;34.163
26.06.2019 17:40;37.055;36.511;37.494;34.796;36.62;34.585;35.756;36.187;35.222;34.268
26.06.2019 17:50;37.494;36.187;36.837;34.268;36.511;34.903;35.649;35.971;35.009;34.268
26.06.2019 18:00;37.714;36.511;36.295;34.163;36.295;34.796;35.971;35.756;34.796;34.479
26.06.2019 18:10;36.837;36.511;35.864;34.374;36.403;34.585;35.649;35.435;34.585;34.479
26.06.2019 18:20;36.728;36.187;35.756;34.374;36.403;34.479;35.649;35.328;34.374;34.374
26.06.2019 18:30;36.837;36.079;35.649;33.639;36.079;34.374;35.542;35.328;34.163;34.268
26.06.2019 18:40;36.62;35.864;35.542;33.118;35.756;34.268;35.222;35.115;34.058;34.268
26.06.2019 18:50;36.079;35.542;35.328;32.497;35.971;34.058;35.115;34.903;33.953;34.268
26.06.2019 19:00;35.542;34.903;35.222;32.086;35.435;33.848;35.115;34.903;33.848;34.163
26.06.2019 19:10;35.115;34.479;35.009;31.472;35.009;33.848;35.115;34.691;33.639;34.058
26.06.2019 19:20;34.374;34.585;34.903;31.166;34.479;33.639;34.903;34.691;33.43;33.953
26.06.2019 19:30;33.639;34.268;34.691;30.963;34.058;33.326;34.796;34.479;33.222;33.743
26.06.2019 19:40;33.43;34.058;34.479;30.862;33.639;33.118;34.691;34.268;32.807;33.535
26.06.2019 19:50;33.014;33.953;34.268;30.862;32.807;32.704;34.479;34.163;32.291;33.43
26.06.2019 20:00;32.704;33.743;34.058;30.457;31.983;32.291;34.374;34.058;31.778;33.222
26.06.2019 20:10;32.394;32.497;33.953;30.457;30.963;31.778;34.268;33.848;31.166;33.014
26.06.2019 20:20;31.88;32.291;33.743;30.154;30.154;31.268;34.163;33.639;30.659;32.394
26.06.2019 20:30;31.37;31.676;33.43;29.352;29.452;30.659;33.848;33.326;30.054;31.778
26.06.2019 20:40;30.862;31.166;33.118;28.357;28.754;30.154;33.43;33.014;29.452;31.064
26.06.2019 20:50;30.558;30.963;32.807;27.764;28.159;29.452;32.704;32.704;28.953;30.457
26.06.2019 21:00;29.853;30.659;32.497;26.879;27.567;28.953;32.086;32.291;28.258;29.853
26.06.2019 21:10;29.252;29.853;32.086;26.195;26.879;28.159;31.472;31.472;27.665;29.452
26.06.2019 21:20;28.953;28.853;31.472;26.292;26.39;27.37;30.862;31.064;27.173;28.953
26.06.2019 21:30;28.754;28.655;30.963;26.195;25.902;26.879;30.356;30.558;26.781;28.555
26.06.2019 21:40;28.357;28.357;30.659;26;25.222;26.39;29.853;30.054;26.195;28.258
26.06.2019 21:50;28.159;27.961;30.356;25.902;24.835;26.292;29.352;29.652;25.805;27.961
26.06.2019 22:00;27.862;27.665;30.154;25.902;24.448;25.902;28.853;29.452;25.319;27.567
26.06.2019 22:10;28.06;27.075;29.953;24.835;24.062;25.61;28.555;29.252;25.222;27.37
26.06.2019 22:20;28.06;26.683;29.752;24.351;23.677;25.319;28.357;28.953;25.125;27.075
26.06.2019 22:30;27.862;26.488;29.352;23.869;23.581;24.931;28.258;28.754;24.835;26.879
26.06.2019 22:40;27.665;26.097;29.152;23.581;23.484;24.835;27.961;28.357;24.835;27.075
26.06.2019 22:50;27.567;26;29.053;22.812;23.677;24.545;27.862;27.075;25.028;27.173
26.06.2019 23:00;26.488;25.805;28.853;23.004;23.773;24.255;27.567;26.781;25.222;26.879
26.06.2019 23:10;26;25.61;28.555;21.664;23.581;24.062;27.468;27.173;24.738;26.585
26.06.2019 23:20;25.805;25.513;28.258;21.855;23.292;23.966;27.173;27.173;24.545;26.195
26.06.2019 23:30;25.319;25.416;27.665;22.238;23.004;23.773;27.075;26.39;24.255;26
26.06.2019 23:40;25.416;25.028;27.665;21.855;22.812;23.388;27.173;26.195;23.869;25.708
26.06.2019 23:50;25.028;25.125;27.468;21.855;22.717;23.196;26.879;26.781;23.581;25.416
27.06.2019 00:00;25.222;24.931;27.37;21.664;22.429;22.812;26.585;26.879;23.292;25.222
27.06.2019 00:10;24.835;24.641;27.075;21.664;22.142;22.621;26.195;26.977;23.004;25.028
27.06.2019 00:20;23.966;24.641;27.272;21.091;21.951;22.525;25.61;26.292;22.621;24.835
27.06.2019 00:30;23.677;24.545;27.075;21.378;21.855;22.238;25.222;26.097;22.429;24.738
27.06.2019 00:40;23.677;24.448;27.075;21.76;21.76;21.951;25.028;25.125;22.142;24.641
27.06.2019 00:50;23.966;23.966;26.879;21.664;21.664;21.855;24.835;24.931;21.951;24.545
27.06.2019 01:00;23.966;23.677;26.781;20.996;21.282;21.664;24.641;24.931;21.76;24.351
27.06.2019 01:10;23.773;23.484;26.488;20.329;20.805;21.569;24.738;24.641;21.855;24.158
27.06.2019 01:20;23.292;23.484;26.292;20.805;20.615;21.473;24.738;24.545;21.76;23.966
27.06.2019 01:30;23.1;23.484;26.097;21.091;20.424;21.473;24.448;24.835;21.569;23.869
27.06.2019 01:40;22.908;23.1;25.805;20.71;20.424;21.282;24.351;23.869;21.282;23.773
27.06.2019 01:50;22.525;23.1;25.805;20.519;20.234;21.187;24.062;23.677;21.091;23.677
27.06.2019 02:00;22.333;23.004;25.513;20.329;19.853;20.996;23.773;23.773;20.901;23.484
27.06.2019 02:10;22.333;23.004;25.416;20.71;19.758;20.805;23.581;23.388;20.805;23.388
27.06.2019 02:20;22.142;22.908;25.125;20.138;19.662;20.71;23.484;23.292;20.71;23.196
27.06.2019 02:30;22.333;22.525;24.931;20.138;19.662;20.519;23.484;23.004;20.615;23.004
27.06.2019 02:40;22.333;22.238;24.738;20.519;19.758;20.329;23.388;23.1;20.424;22.908
27.06.2019 02:50;22.333;22.333;24.738;20.329;19.567;20.234;23.388;23.1;20.329;22.812
27.06.2019 03:00;22.142;22.333;24.835;19.948;19.282;20.138;23.484;23.292;20.138;22.717
27.06.2019 03:10;22.142;22.238;25.125;19.662;19.282;20.138;23.581;23.581;20.043;22.621
27.06.2019 03:20;21.855;22.046;24.931;19.377;19.377;20.234;23.196;22.717;19.948;22.525
27.06.2019 03:30;21.473;21.855;24.835;19.567;19.187;19.948;22.908;22.525;19.758;22.525
27.06.2019 03:40;21.378;21.76;24.158;19.853;19.092;19.758;22.812;22.525;19.662;22.812
27.06.2019 03:50;21.569;21.569;23.677;19.758;19.187;19.662;22.812;23.004;19.472;22.812
27.06.2019 04:00;21.473;21.473;23.581;19.567;19.282;19.662;22.812;23.292;19.472;23.004
27.06.2019 04:10;21.473;21.378;23.484;19.377;19.377;19.472;22.812;23.196;19.472;22.908
27.06.2019 04:20;21.282;21.282;23.677;18.806;19.282;19.472;22.908;22.717;19.472;22.812
27.06.2019 04:30;21.187;21.282;23.677;18.331;18.996;19.377;23.004;22.046;19.377;22.525
27.06.2019 04:40;21.091;21.282;23.581;18.521;18.806;19.187;23.004;21.664;19.282;22.238
27.06.2019 04:50;20.901;21.187;23.484;18.616;18.711;19.187;22.812;21.664;19.187;21.951
27.06.2019 05:00;20.901;21.091;23.388;19.282;18.616;19.092;22.525;21.855;19.187;22.046
27.06.2019 05:10;21.378;20.901;23.292;19.758;18.426;19.187;22.238;22.046;19.092;22.046
27.06.2019 05:20;21.855;20.996;23.196;18.806;18.521;18.996;22.046;22.429;19.092;21.855
27.06.2019 05:30;21.76;20.805;22.908;18.616;18.711;18.996;22.142;22.525;18.996;21.76
27.06.2019 05:40;21.855;20.615;22.908;18.14;19.092;18.996;22.333;22.525;18.996;21.76
27.06.2019 05:50;22.142;20.805;23.196;18.426;19.377;18.901;21.951;22.429;19.092;21.76
27.06.2019 06:00;22.046;20.901;23.196;18.331;19.853;18.806;21.951;22.333;19.282;21.664
27.06.2019 06:10;22.238;20.901;22.812;18.901;19.853;18.806;21.855;22.333;19.377;21.664
27.06.2019 06:20;22.333;20.901;22.621;18.901;19.662;18.711;21.664;22.429;19.282;21.855
27.06.2019 06:30;22.046;20.805;22.717;19.092;19.567;18.806;21.378;22.429;19.377;21.951
27.06.2019 06:40;21.855;21.091;23.292;19.662;19.758;18.996;21.473;22.429;19.472;22.046
27.06.2019 06:50;21.855;21.282;23.388;20.424;19.853;19.282;21.378;22.142;20.043;22.046
27.06.2019 07:00;22.142;21.473;23.292;21.473;19.948;19.662;21.473;22.142;20.424;22.142
27.06.2019 07:10;22.046;21.855;23.004;22.046;20.043;20.234;21.76;22.142;20.615;22.525
27.06.2019 07:20;22.046;22.046;23.004;22.621;20.424;20.901;22.238;22.142;21.091;23.004
27.06.2019 07:30;22.238;22.333;23.292;23.196;20.805;21.473;22.333;22.238;21.473;23.388
27.06.2019 07:40;22.621;22.525;23.196;23.966;21.282;21.951;22.621;22.525;21.76;23.677
27.06.2019 07:50;22.812;22.717;23.773;24.448;22.046;22.238;22.908;23.196;21.951;24.062
27.06.2019 08:00;23.1;23.004;24.255;25.125;22.621;22.429;23.292;23.388;22.429;24.738
27.06.2019 08:10;23.484;23.292;24.738;25.222;22.908;22.812;23.773;23.773;22.812;25.028
27.06.2019 08:20;23.773;23.581;25.222;25.416;23.388;23.292;24.062;24.448;23.292;25.319
27.06.2019 08:30;23.966;24.062;25.222;25.708;23.869;23.773;24.351;25.416;23.677;25.805
27.06.2019 08:40;24.351;24.448;25.805;26;24.255;24.255;24.738;25.61;24.158;25.902
27.06.2019 08:50;24.931;24.931;26.097;26.39;24.931;24.738;25.028;25.902;24.545;26.292
27.06.2019 09:00;25.416;25.416;26.683;26.683;25.61;25.708;25.319;26.488;25.125;26.585
27.06.2019 09:10;25.805;25.902;27.173;27.37;26.292;26.585;25.708;27.075;25.61;27.075
27.06.2019 09:20;26.292;26.292;27.567;27.862;26.488;27.37;26;27.272;25.902;27.665
27.06.2019 09:30;26.683;26.488;28.258;28.159;26.585;28.258;26.39;27.961;26.585;27.665
27.06.2019 09:40;26.977;26.781;28.953;28.555;26.879;28.555;26.683;28.258;27.764;28.06
27.06.2019 09:50;27.272;27.272;29.452;28.754;27.37;28.953;27.075;28.655;28.853;28.655
27.06.2019 10:00;27.961;27.665;29.752;29.053;27.764;29.452;27.37;29.053;28.953;29.152
27.06.2019 10:10;29.053;28.06;30.054;29.252;28.06;29.452;27.961;29.252;29.452;29.853
27.06.2019 10:20;29.552;28.456;30.659;29.853;28.357;29.752;28.258;29.452;29.652;30.154
27.06.2019 10:30;30.255;28.953;31.37;30.356;28.853;30.356;28.655;30.054;30.154;30.659
27.06.2019 10:40;30.356;29.252;31.472;30.558;28.953;30.659;29.152;30.457;30.457;30.963
27.06.2019 10:50;30.862;29.652;31.88;31.166;29.853;30.76;29.552;30.862;30.659;31.166
27.06.2019 11:00;30.963;30.659;32.807;31.166;30.558;31.37;30.054;31.166;30.963;31.574
27.06.2019 11:10;31.37;30.76;33.326;31.472;30.862;32.086;30.457;31.37;31.574;31.778
27.06.2019 11:20;31.676;31.166;33.743;31.983;31.064;31.983;30.862;31.983;32.086;32.394
27.06.2019 11:30;31.983;31.472;34.268;32.291;31.676;32.497;32.086;32.188;32.188;32.704
27.06.2019 11:40;32.6;31.778;34.163;32.291;32.291;32.394;32.807;32.291;32.497;32.911
27.06.2019 11:50;33.014;32.291;34.479;32.188;32.807;32.188;33.743;32.6;32.704;32.497
27.06.2019 12:00;33.222;32.497;34.903;32.188;33.118;32.497;34.058;32.807;32.6;32.6
27.06.2019 12:10;33.43;32.807;35.009;32.497;33.43;32.704;33.639;33.118;32.911;33.014
27.06.2019 12:20;33.535;32.911;35.222;32.497;33.43;33.639;33.743;33.43;33.326;33.014
27.06.2019 12:30;33.848;32.807;35.009;33.118;33.326;34.058;34.374;33.326;33.535;33.639
27.06.2019 12:40;34.479;33.326;35.115;33.118;32.807;34.268;34.374;33.118;33.639;33.953
27.06.2019 12:50;34.479;33.848;35.009;33.118;32.704;34.058;35.435;33.848;34.374;34.374
27.06.2019 13:00;34.691;33.639;35.649;33.535;33.118;34.268;35.649;34.163;34.479;33.953
27.06.2019 13:10;35.009;33.743;35.649;33.848;33.326;34.374;35.971;34.585;34.585;34.058
27.06.2019 13:20;34.903;33.848;36.187;34.058;33.326;34.796;35.864;34.691;34.903;34.903
27.06.2019 13:30;35.542;34.796;36.728;34.058;33.43;34.479;35.756;34.903;35.222;34.903
27.06.2019 13:40;35.756;34.796;36.837;33.848;33.743;34.691;36.728;34.903;35.222;35.115
27.06.2019 13:50;35.756;34.585;36.62;34.163;34.058;35.009;36.511;34.691;35.222;35.222
27.06.2019 14:00;35.756;35.222;36.837;34.479;34.585;35.756;36.946;35.115;35.649;35.542
27.06.2019 14:10;35.328;35.756;36.946;34.903;35.009;35.542;37.165;35.542;35.971;35.542
27.06.2019 14:20;36.187;35.649;36.728;34.796;35.222;35.864;37.384;35.864;36.295;35.328
27.06.2019 14:30;36.403;36.187;37.055;34.796;35.222;36.079;37.935;36.079;36.403;35.649
27.06.2019 14:40;36.946;36.295;37.165;34.585;35.542;36.403;37.824;36.403;36.295;35.542
27.06.2019 14:50;37.494;36.187;37.494;34.691;35.756;36.62;38.49;36.511;36.403;35.971
27.06.2019 15:00;37.165;35.971;38.046;34.796;35.649;36.837;38.826;36.62;36.295;35.756
27.06.2019 15:10;37.494;36.511;37.935;35.009;35.864;36.946;38.157;36.187;36.403;35.435
27.06.2019 15:20;37.055;36.62;38.268;35.115;36.295;36.403;38.046;36.403;36.403;35.222
27.06.2019 15:30;36.837;36.403;38.046;35.328;36.62;36.62;38.49;36.837;36.403;35.115
27.06.2019 15:40;36.946;36.187;37.824;35.542;36.295;36.079;38.49;37.165;36.511;35.009
27.06.2019 15:50;37.165;36.295;38.046;35.115;36.511;35.971;38.268;37.055;36.295;35.009
27.06.2019 16:00;37.935;36.946;37.714;35.435;36.62;35.864;38.157;37.494;36.511;35.009
27.06.2019 16:10;37.604;37.494;38.268;35.222;37.165;35.864;38.602;37.165;36.728;35.009
27.06.2019 16:20;37.935;36.728;38.379;35.649;37.274;35.864;37.824;36.728;36.511;35.009
27.06.2019 16:30;38.157;36.837;38.157;35.542;36.728;35.542;37.165;36.62;36.511;35.115
27.06.2019 16:40;38.046;37.055;37.824;35.756;36.728;35.435;36.728;37.274;36.187;34.796
27.06.2019 16:50;37.824;36.946;38.046;35.328;36.946;35.328;36.511;37.055;35.864;34.796
27.06.2019 17:00;36.946;36.946;38.49;35.328;37.274;35.222;36.403;36.62;35.649;34.903
27.06.2019 17:10;36.946;36.728;38.379;35.115;37.165;35.222;36.295;36.295;35.756;34.903
27.06.2019 17:20;37.274;36.946;38.268;34.796;37.055;35.009;36.187;36.511;35.864;34.903
27.06.2019 17:30;37.055;36.511;37.714;34.796;36.837;35.222;36.295;36.079;35.756;34.903
27.06.2019 17:40;36.837;36.946;37.494;34.903;36.837;35.115;36.187;36.511;35.542;34.796
27.06.2019 17:50;36.837;36.511;36.728;34.691;36.62;35.222;35.971;35.756;35.115;34.796
27.06.2019 18:00;37.274;36.403;36.403;34.479;36.403;35.115;35.971;35.649;35.009;34.796
27.06.2019 18:10;37.055;36.511;36.295;34.374;36.295;34.796;35.649;35.542;34.903;34.796
27.06.2019 18:20;37.055;36.62;36.295;34.058;36.187;34.691;35.756;35.328;34.796;34.903
27.06.2019 18:30;37.055;36.403;36.187;33.953;35.864;34.691;35.864;35.222;34.796;34.903
27.06.2019 18:40;37.165;35.971;35.756;33.639;35.649;34.479;35.756;34.903;34.796;34.691
27.06.2019 18:50;36.837;35.864;35.435;33.014;35.328;34.374;35.649;34.268;34.585;34.374
27.06.2019 19:00;35.864;34.796;35.009;32.497;35.009;34.058;35.009;33.953;34.163;33.848
27.06.2019 19:10;35.542;34.058;34.585;31.983;34.374;33.639;34.479;33.639;33.743;33.43
27.06.2019 19:20;34.691;33.848;34.374;31.574;33.848;33.222;33.953;33.326;33.118;33.118
27.06.2019 19:30;34.163;33.43;34.058;31.268;33.326;32.911;33.639;33.118;32.911;32.911
27.06.2019 19:40;33.848;33.326;33.848;30.963;32.911;32.394;33.43;32.911;32.6;32.6
27.06.2019 19:50;33.535;33.118;33.535;30.659;32.497;32.188;33.222;32.6;32.291;32.291
27.06.2019 20:00;33.222;32.911;33.326;30.356;31.778;31.88;33.014;32.497;31.983;32.086
27.06.2019 20:10;33.118;32.6;33.222;30.054;31.064;31.676;32.807;32.291;31.778;31.88
27.06.2019 20:20;32.807;32.394;33.014;29.752;30.558;31.472;32.704;32.086;31.268;31.676
27.06.2019 20:30;32.394;32.291;32.911;29.352;30.154;31.268;32.497;31.983;30.963;31.472
27.06.2019 20:40;31.676;32.086;32.704;29.053;29.652;30.963;32.291;31.676;30.659;31.268
27.06.2019 20:50;30.963;31.778;32.497;28.754;28.853;30.659;32.086;31.472;30.457;30.862
27.06.2019 21:00;30.255;31.574;32.291;28.456;28.258;30.255;31.778;31.166;30.255;30.659
27.06.2019 21:10;30.054;31.268;31.983;28.06;27.665;29.752;31.574;30.963;29.752;30.356
27.06.2019 21:20;30.862;31.064;31.778;27.665;27.764;29.452;31.37;30.558;29.452;30.154
27.06.2019 21:30;30.76;30.76;31.472;27.567;27.665;29.152;31.166;30.356;29.352;29.953
27.06.2019 21:40;30.255;30.558;31.268;27.272;27.665;29.152;31.064;30.356;29.152;29.752
27.06.2019 21:50;29.352;30.255;31.064;26.879;27.862;29.053;30.963;30.154;28.754;29.752
27.06.2019 22:00;29.053;30.054;31.064;26.977;27.567;28.754;30.862;29.853;28.357;29.552
27.06.2019 22:10;29.152;30.154;31.064;26.683;27.272;28.258;30.76;29.752;28.258;29.252
27.06.2019 22:20;28.655;30.054;30.963;26.585;26.488;27.764;30.659;29.652;28.06;28.853
27.06.2019 22:30;28.159;29.053;30.659;26.195;25.513;27.173;30.457;29.552;27.665;28.258
27.06.2019 22:40;27.468;28.456;30.356;25.416;24.738;26.097;30.356;29.252;27.272;27.862
27.06.2019 22:50;26.781;28.159;30.054;25.125;24.158;25.61;29.853;28.853;26.585;27.862
27.06.2019 23:00;26.39;27.862;29.853;24.448;23.966;25.416;29.152;28.159;25.805;27.567
27.06.2019 23:10;25.805;27.37;29.352;24.158;23.677;25.222;28.754;27.665;25.416;27.37
27.06.2019 23:20;25.61;27.272;28.953;25.125;23.388;24.738;28.258;27.272;24.835;26.977
27.06.2019 23:30;25.708;27.075;28.754;25.416;23.196;24.351;27.665;27.272;24.351;26.683
27.06.2019 23:40;25.902;26.39;28.555;25.319;23.1;23.869;27.567;27.173;23.966;26.488
27.06.2019 23:50;25.805;26;28.258;25.222;22.717;23.677;27.37;27.37;23.869;26.292
28.06.2019 00:00;25.708;25.805;27.764;25.222;22.429;23.388;27.075;27.173;24.062;26
28.06.2019 00:10;25.222;25.708;27.961;25.028;22.333;23.292;26.781;26.879;24.158;25.805
28.06.2019 00:20;25.125;25.61;27.862;24.738;22.429;23.196;26.585;26.488;23.966;25.708
28.06.2019 00:30;24.931;25.416;27.665;24.641;22.429;23.1;26.39;26.39;23.677;25.513
28.06.2019 00:40;25.028;25.222;27.567;24.545;22.429;22.812;26.097;26.292;23.196;25.513
28.06.2019 00:50;24.931;24.931;27.37;24.351;22.525;22.621;26.097;26.292;22.908;25.513
28.06.2019 01:00;24.835;24.835;26.879;24.448;22.525;22.525;26.292;26.292;22.717;25.416
28.06.2019 01:10;24.448;24.738;26.879;24.158;22.333;22.429;25.902;26.39;22.621;25.61
28.06.2019 01:20;24.158;24.641;26.585;24.158;22.238;22.429;25.708;27.272;22.621;25.708
28.06.2019 01:30;23.966;24.545;26.292;24.062;22.142;22.429;25.61;26.977;22.525;25.805
28.06.2019 01:40;23.581;24.835;26.195;23.869;22.142;22.717;25.61;26.195;23.004;25.902
28.06.2019 01:50;23.677;25.61;26.488;23.966;22.238;23.388;25.805;25.805;23.581;25.61
28.06.2019 02:00;23.677;25.319;26.879;23.869;22.333;23.966;26.585;26.195;23.581;25.416
28.06.2019 02:10;23.677;25.513;27.173;23.869;23.484;24.158;26.683;26.195;23.484;25.125
28.06.2019 02:20;23.677;25.416;27.075;23.869;24.351;24.158;26.585;26.097;23.484;24.931
28.06.2019 02:30;23.484;25.125;26.879;23.773;24.641;24.158;26.39;25.902;23.484;24.738
28.06.2019 02:40;23.581;25.125;26.683;23.581;24.448;23.966;26.195;25.708;23.581;24.641
28.06.2019 02:50;24.062;25.125;26.585;23.388;24.351;23.869;26;25.416;24.062;24.641
28.06.2019 03:00;24.931;24.931;26.488;23.1;24.255;23.869;25.805;24.931;24.158;24.545
28.06.2019 03:10;25.222;24.835;26.195;22.908;23.966;23.869;25.61;24.738;24.062;24.351
28.06.2019 03:20;25.028;24.738;26.097;22.717;23.388;23.773;25.416;24.545;24.062;24.158
28.06.2019 03:30;24.835;24.641;25.805;22.621;22.908;23.677;25.222;24.448;23.773;23.966
28.06.2019 03:40;24.738;24.545;25.416;22.429;22.429;23.484;25.028;24.255;23.773;23.773
28.06.2019 03:50;24.545;24.351;25.222;22.238;22.046;23.292;24.835;24.062;23.677;23.677
28.06.2019 04:00;24.351;24.158;24.931;22.046;21.76;23.196;24.641;23.773;23.484;23.484
28.06.2019 04:10;24.255;23.966;24.835;21.855;21.664;23.004;24.448;23.677;23.292;23.292
28.06.2019 04:20;24.062;23.869;24.738;21.664;21.473;22.908;24.351;23.484;23.196;23.196
28.06.2019 04:30;23.966;23.677;24.545;21.569;21.378;22.717;24.158;23.388;23.004;23.004
28.06.2019 04:40;23.773;23.484;24.545;21.473;21.187;22.621;24.062;23.292;22.812;22.908
28.06.2019 04:50;23.677;23.388;24.158;21.473;20.996;22.429;23.966;23.196;22.621;22.717
28.06.2019 05:00;23.581;23.196;24.062;21.473;20.805;22.333;23.773;23.004;22.525;22.525
28.06.2019 05:10;23.388;23.1;23.869;21.282;20.71;22.142;23.677;22.908;22.429;22.429
28.06.2019 05:20;23.292;23.004;23.773;21.187;20.519;21.951;23.484;22.621;22.238;22.333
28.06.2019 05:30;23.196;23.004;23.677;21.091;20.329;21.855;23.388;22.525;22.046;22.238
28.06.2019 05:40;22.908;22.812;23.773;20.996;20.138;21.76;23.292;22.429;22.046;22.142
28.06.2019 05:50;22.908;22.812;23.773;20.805;19.948;21.664;23.292;22.429;21.855;22.046
28.06.2019 06:00;22.812;22.717;23.677;20.71;19.758;21.569;23.196;22.333;21.76;21.951
28.06.2019 06:10;22.429;22.525;23.581;20.805;19.853;21.473;23.196;22.333;21.76;21.951
28.06.2019 06:20;22.238;22.621;23.581;20.805;19.853;21.473;23.196;22.238;21.664;21.855
28.06.2019 06:30;22.525;22.525;23.388;20.901;19.948;21.378;23.1;22.238;21.664;21.855
28.06.2019 06:40;22.429;22.525;23.484;21.091;20.138;21.378;23.004;22.238;21.664;21.855
28.06.2019 06:50;22.333;22.525;23.677;21.282;20.138;21.473;23.1;22.238;21.664;21.951
28.06.2019 07:00;22.429;22.525;23.677;21.473;20.329;21.664;23.196;22.238;21.664;22.046
28.06.2019 07:10;22.525;22.621;23.484;21.855;20.71;22.046;23.292;22.333;21.76;22.525
28.06.2019 07:20;22.429;22.717;23.773;22.046;20.996;22.429;23.292;22.333;21.951;22.717
28.06.2019 07:30;22.333;22.812;24.062;22.238;21.473;22.812;23.388;22.525;22.142;23.1
28.06.2019 07:40;22.525;22.812;24.062;22.525;21.951;22.812;23.388;22.621;22.333;23.292
28.06.2019 07:50;22.621;22.908;24.255;23.004;22.429;22.908;23.581;22.717;22.525;23.581
28.06.2019 08:00;23.1;23.004;24.545;23.1;22.812;22.908;23.581;22.908;22.717;23.966
28.06.2019 08:10;23.484;23.1;24.351;23.484;23.196;23.004;23.677;23.196;23.004;23.966
28.06.2019 08:20;23.677;23.388;24.351;23.677;23.484;23.1;23.869;23.388;23.196;24.158
28.06.2019 08:30;23.966;23.581;24.641;23.773;23.677;23.292;23.966;23.677;23.388;24.255
28.06.2019 08:40;24.158;23.773;24.931;24.158;23.966;23.484;23.966;23.966;23.484;24.545
28.06.2019 08:50;24.255;23.869;24.931;24.351;24.448;23.677;23.966;24.255;23.773;24.835
28.06.2019 09:00;24.448;24.062;25.319;24.545;25.222;24.158;24.255;24.641;24.062;25.125
28.06.2019 09:10;24.738;24.351;25.319;25.028;25.902;25.125;24.448;25.028;24.351;25.222
28.06.2019 09:20;24.835;24.351;25.708;25.319;25.513;25.61;24.738;25.513;24.545;25.222
28.06.2019 09:30;25.125;24.545;26.781;25.513;25.416;26.683;24.835;25.805;24.931;25.513
28.06.2019 09:40;25.319;24.738;27.272;25.61;25.61;26.781;25.028;26.097;25.805;25.902
28.06.2019 09:50;25.708;25.125;27.961;26;25.902;26.292;25.513;26.292;26.39;26.39
28.06.2019 10:00;26.39;25.319;28.456;26.39;26.097;26.781;25.708;26.585;26.683;26.977
28.06.2019 10:10;26.585;25.416;28.853;26.488;26.585;26.683;25.805;26.879;26.977;26.879
28.06.2019 10:20;27.37;25.708;28.953;26.879;26.879;27.37;26.488;27.173;27.468;27.173
28.06.2019 10:30;27.764;26.488;29.552;26.879;27.173;27.567;26.585;27.37;27.567;27.272
28.06.2019 10:40;27.665;27.075;29.853;26.977;27.272;27.665;26.585;27.764;27.961;27.961
28.06.2019 10:50;28.06;27.468;29.252;27.37;27.468;28.159;26.879;27.961;28.159;27.862
28.06.2019 11:00;28.258;27.468;29.953;27.075;28.06;27.961;26.879;27.665;28.456;27.665
28.06.2019 11:10;28.655;27.764;29.953;27.468;28.258;28.555;27.37;27.665;28.357;28.159
28.06.2019 11:20;28.655;27.665;29.752;27.665;28.159;28.357;27.665;27.862;28.159;28.159
28.06.2019 11:30;28.953;27.567;29.953;27.961;28.754;28.456;28.06;27.961;28.159;28.159
28.06.2019 11:40;28.853;28.159;30.659;28.258;29.053;28.258;29.053;28.456;28.456;28.456
28.06.2019 11:50;29.352;27.961;30.457;28.357;29.152;29.252;29.552;28.655;28.953;28.754
28.06.2019 12:00;29.452;28.456;31.166;28.159;29.552;28.953;29.352;28.754;29.352;28.853
28.06.2019 12:10;29.652;28.357;30.659;28.357;30.054;29.152;30.255;29.053;29.252;28.853
28.06.2019 12:20;30.054;28.456;31.166;28.456;30.255;29.552;30.76;29.452;29.452;29.552
28.06.2019 12:30;30.457;29.252;30.862;28.754;30.154;29.652;30.963;29.752;30.054;29.953
28.06.2019 12:40;30.76;29.452;31.472;28.953;29.953;30.054;31.676;29.953;30.356;30.356
28.06.2019 12:50;31.268;29.652;32.086;29.152;29.953;30.356;31.676;30.558;30.558;30.356
28.06.2019 13:00;31.676;30.054;32.086;29.552;30.255;30.457;31.778;30.255;30.76;30.457
28.06.2019 13:10;31.472;30.255;32.188;29.652;29.953;30.558;31.37;30.457;30.963;30.558
28.06.2019 13:20;31.676;30.154;31.983;29.953;30.154;31.064;31.676;30.862;30.862;30.356
28.06.2019 13:30;31.676;30.154;32.086;29.953;30.356;31.166;32.086;30.76;31.268;30.659
28.06.2019 13:40;31.88;30.255;32.911;29.752;30.457;31.166;32.086;30.862;31.472;30.963
28.06.2019 13:50;32.188;30.558;33.326;30.054;30.862;30.963;32.086;30.862;31.983;31.064
28.06.2019 14:00;32.086;30.054;33.222;30.054;31.472;31.064;32.6;31.166;31.88;30.963
28.06.2019 14:10;32.807;30.659;33.014;30.356;31.472;31.472;33.118;31.37;32.188;31.268
28.06.2019 14:20;32.704;31.472;33.535;30.356;31.88;30.963;33.118;31.472;32.188;31.472
28.06.2019 14:30;32.497;31.166;33.43;30.356;31.88;31.88;33.535;31.472;32.188;31.778
28.06.2019 14:40;32.6;31.166;33.848;30.558;32.394;31.88;33.535;31.472;32.291;31.472
28.06.2019 14:50;33.014;31.676;33.43;30.659;32.394;31.778;33.118;31.778;32.394;31.268
28.06.2019 15:00;33.014;31.983;33.639;30.963;32.086;32.188;32.911;31.778;32.394;31.064
28.06.2019 15:10;32.911;31.983;33.743;30.659;32.394;32.807;33.014;31.88;32.704;31.064
28.06.2019 15:20;33.118;31.88;33.326;30.558;32.188;32.704;33.639;31.676;32.394;31.064
28.06.2019 15:30;32.704;32.394;33.639;30.963;32.6;32.497;33.639;32.188;32.497;31.064
28.06.2019 15:40;33.222;32.188;33.639;31.064;32.6;32.6;33.743;32.086;32.807;31.064
28.06.2019 15:50;33.222;32.188;33.639;30.963;32.497;32.497;33.535;32.394;32.704;31.268
28.06.2019 16:00;33.222;32.497;33.953;31.064;32.911;32.291;33.953;32.291;32.394;31.166
28.06.2019 16:10;33.118;32.394;34.268;31.064;32.911;32.188;34.058;32.188;32.497;31.166
28.06.2019 16:20;33.222;32.497;33.743;30.963;32.6;32.291;33.43;32.291;32.497;31.064
28.06.2019 16:30;33.222;32.497;34.163;30.963;32.704;31.983;32.6;32.291;32.497;31.064
28.06.2019 16:40;33.014;32.086;34.163;30.963;32.807;31.676;32.394;31.88;32.086;30.963
28.06.2019 16:50;33.014;31.778;34.374;30.659;32.704;31.676;32.497;31.983;32.086;30.963
28.06.2019 17:00;32.911;32.291;34.058;30.659;32.704;31.472;32.188;31.983;31.88;30.862
28.06.2019 17:10;33.118;32.188;33.43;30.659;32.497;31.064;31.983;31.676;32.086;30.659
28.06.2019 17:20;32.807;32.6;33.326;30.659;32.6;31.064;31.88;31.676;31.88;30.659
28.06.2019 17:30;32.6;32.704;33.222;30.457;32.394;31.064;31.88;31.676;31.574;30.457
28.06.2019 17:40;32.704;32.086;32.807;30.356;32.6;31.064;31.676;31.472;31.472;30.659
28.06.2019 17:50;32.6;32.188;32.394;30.255;32.188;30.862;31.268;31.37;31.166;30.558
28.06.2019 18:00;32.394;32.394;32.086;30.154;32.291;30.963;31.268;30.76;30.862;30.457
28.06.2019 18:10;32.291;32.291;32.188;30.154;31.983;30.862;31.37;30.659;30.862;30.558
28.06.2019 18:20;32.6;32.291;32.188;29.953;31.778;30.659;31.37;30.457;30.659;30.356
28.06.2019 18:30;32.188;31.983;31.88;29.752;31.676;30.558;31.268;30.558;30.659;30.255
28.06.2019 18:40;31.983;31.574;31.574;29.552;31.472;30.457;31.166;30.558;30.457;30.255
28.06.2019 18:50;31.88;31.37;31.268;29.352;31.064;30.255;31.064;30.659;30.356;30.255
28.06.2019 19:00;31.472;30.963;31.268;29.152;30.963;30.154;31.064;30.457;30.255;30.054
28.06.2019 19:10;31.472;30.76;31.166;28.853;30.659;29.853;30.963;30.558;29.853;29.953
28.06.2019 19:20;31.166;30.76;30.963;28.555;30.457;29.853;30.862;30.457;29.752;29.752
28.06.2019 19:30;30.76;30.457;30.862;28.258;30.255;29.752;30.659;30.457;29.652;29.652
28.06.2019 19:40;30.558;30.255;30.659;27.961;29.853;29.452;30.558;30.356;29.552;29.552
28.06.2019 19:50;30.457;30.154;30.558;27.665;29.352;29.252;30.356;30.054;29.252;29.352
28.06.2019 20:00;30.255;30.054;30.457;27.37;28.357;29.152;30.255;30.054;29.053;29.252
28.06.2019 20:10;30.255;29.853;30.255;26.977;27.567;28.953;30.154;29.853;28.754;29.053
28.06.2019 20:20;30.054;29.652;30.255;26.781;27.075;28.754;29.953;29.652;28.655;28.853
28.06.2019 20:30;29.552;29.652;30.054;26.292;26.683;28.456;29.752;29.352;28.258;28.655
28.06.2019 20:40;28.655;29.352;29.953;26.097;26.39;28.159;29.552;29.152;27.862;28.456
28.06.2019 20:50;28.159;29.252;29.652;26;25.708;27.961;29.352;28.953;27.37;28.258
28.06.2019 21:00;27.468;28.953;29.552;25.61;25.125;27.468;29.152;28.754;27.075;27.961
28.06.2019 21:10;26.977;28.754;29.352;25.222;24.448;27.173;28.953;28.456;26.683;27.764
28.06.2019 21:20;26.488;28.456;29.152;24.931;24.158;26.879;28.754;28.06;26.097;27.468
28.06.2019 21:30;26.097;28.159;28.953;24.641;23.581;26.585;28.555;27.764;25.708;27.075
28.06.2019 21:40;25.708;27.961;28.655;24.738;23.004;26.292;28.258;27.567;25.028;26.683
28.06.2019 21:50;25.319;27.764;28.456;24.351;22.238;26;28.06;27.37;24.448;26.292
28.06.2019 22:00;25.028;27.468;28.159;24.062;21.76;25.61;27.764;27.075;24.062;25.902
28.06.2019 22:10;24.545;27.075;27.862;23.869;21.378;25.125;27.567;26.977;23.677;25.61
28.06.2019 22:20;23.869;26.39;27.468;23.869;20.901;24.448;27.37;26.488;23.581;25.416
28.06.2019 22:30;23.292;25.416;27.272;23.773;20.71;23.966;27.173;25.805;23.1;25.222
28.06.2019 22:40;23.1;25.125;27.075;23.869;20.519;23.1;26.977;25.319;22.429;25.028
28.06.2019 22:50;23.292;24.738;26.781;23.484;20.043;22.429;26.683;24.931;21.855;24.738
28.06.2019 23:00;23.484;24.448;26.683;23.004;19.758;21.855;26.39;24.835;21.569;24.448
28.06.2019 23:10;22.621;24.062;26.585;22.812;19.377;21.569;26.195;24.545;21.091;24.255
28.06.2019 23:20;21.951;23.869;26.39;22.525;18.996;21.378;26;24.158;20.615;24.062
28.06.2019 23:30;22.046;23.773;25.902;22.238;18.806;21.091;25.61;23.869;20.519;23.869
28.06.2019 23:40;22.429;23.388;25.222;22.333;18.426;20.519;24.448;23.581;20.424;23.581
28.06.2019 23:50;22.525;22.812;25.319;22.333;18.236;20.234;23.773;23.388;19.853;23.484
29.06.2019 00:00;22.046;22.525;25.125;22.429;17.95;19.758;23.196;23.1;19.472;23.196
29.06.2019 00:10;21.473;22.046;24.738;22.238;17.665;19.567;22.812;22.717;19.092;22.908
29.06.2019 00:20;21.473;21.569;24.351;22.046;17.475;19.092;22.621;22.333;18.806;22.621
29.06.2019 00:30;21.378;21.378;24.351;21.855;17.284;18.711;22.333;22.046;18.521;22.333
29.06.2019 00:40;20.805;21.378;24.255;21.569;17.094;18.426;22.142;21.76;18.236;22.142
29.06.2019 00:50;20.805;20.901;23.388;21.091;16.713;18.045;21.951;21.473;18.045;21.951
29.06.2019 01:00;20.71;20.615;23.004;20.615;16.523;17.95;21.664;21.091;17.855;21.569
29.06.2019 01:10;20.329;20.519;22.621;21.282;16.237;17.855;21.569;20.996;17.665;21.282
29.06.2019 01:20;20.234;19.948;22.717;20.901;15.951;17.665;21.282;20.996;17.379;21.091
29.06.2019 01:30;19.948;19.758;22.525;20.71;15.76;17.284;21.473;20.996;17.189;20.901
29.06.2019 01:40;19.662;19.377;22.429;20.519;15.76;17.189;21.473;20.805;17.094;20.805
29.06.2019 01:50;19.662;19.472;22.429;20.138;15.76;17.189;21.282;20.615;16.903;20.71
29.06.2019 02:00;19.472;19.472;22.238;20.043;15.569;17.094;21.187;20.519;16.903;20.615
29.06.2019 02:10;19.092;19.567;21.951;19.758;15.378;16.999;21.187;20.043;16.903;20.519
29.06.2019 02:20;18.806;19.472;21.664;19.567;15.282;16.903;20.996;19.853;16.808;20.424
29.06.2019 02:30;18.901;19.472;21.473;19.377;15.091;16.713;20.996;19.853;16.713;20.329
29.06.2019 02:40;19.092;19.282;21.378;18.616;15.091;16.618;20.615;19.662;16.523;20.138
29.06.2019 02:50;18.901;19.092;21.378;18.806;15.091;16.523;20.138;19.472;16.332;19.853
29.06.2019 03:00;18.901;18.996;21.282;18.901;14.996;16.523;19.948;18.996;16.141;19.567
29.06.2019 03:10;18.521;18.711;20.901;18.996;14.804;16.427;19.853;18.806;16.046;19.377
29.06.2019 03:20;18.426;18.616;20.805;18.711;14.709;16.332;19.853;18.616;16.046;19.282
29.06.2019 03:30;18.426;18.426;20.424;18.711;14.517;16.046;19.853;18.521;15.855;19.187
29.06.2019 03:40;18.426;18.426;20.424;18.331;14.421;16.046;19.853;18.711;15.855;19.092
29.06.2019 03:50;18.426;18.236;20.424;18.045;14.23;16.046;19.853;18.521;15.76;18.996
29.06.2019 04:00;18.521;18.045;20.329;18.045;14.134;15.951;19.567;18.236;15.569;18.901
29.06.2019 04:10;18.14;17.855;19.948;17.95;14.038;15.76;19.377;18.045;15.473;18.711
29.06.2019 04:20;17.95;17.76;20.043;17.475;14.038;15.569;19.282;17.76;15.378;18.521
29.06.2019 04:30;17.57;17.76;19.853;17.379;13.846;15.473;19.377;17.665;15.282;18.331
29.06.2019 04:40;17.379;17.665;19.758;17.189;13.846;15.378;19.282;17.665;15.187;18.14
29.06.2019 04:50;17.189;17.57;19.853;16.523;13.846;15.378;19.187;17.665;14.996;18.14
29.06.2019 05:00;17.284;17.475;19.758;16.141;13.654;15.378;19.092;17.76;14.804;18.045
29.06.2019 05:10;17.284;17.379;19.377;15.855;13.461;15.282;18.711;17.76;14.709;17.95
29.06.2019 05:20;17.094;17.379;19.472;15.569;13.365;15.187;18.521;17.76;14.613;17.95
29.06.2019 05:30;16.999;17.379;19.282;15.855;13.365;14.996;18.14;17.57;14.517;17.95
29.06.2019 05:40;16.808;17.284;19.187;16.618;13.269;14.9;18.14;17.475;14.517;18.045
29.06.2019 05:50;16.713;17.189;19.187;16.427;13.269;14.804;18.045;17.475;14.517;18.045
29.06.2019 06:00;16.523;17.189;18.996;15.855;13.365;14.804;17.95;17.094;14.517;17.95
29.06.2019 06:10;16.427;17.284;19.472;16.046;13.365;14.804;17.95;16.999;14.421;17.76
29.06.2019 06:20;16.713;17.284;19.853;16.427;13.461;14.9;17.855;17.094;14.517;17.57
29.06.2019 06:30;16.999;17.379;19.567;16.713;13.654;14.996;17.95;17.189;14.709;17.57
29.06.2019 06:40;16.999;17.76;19.092;16.999;14.134;15.282;18.236;17.094;15.091;17.57
29.06.2019 06:50;17.094;17.855;19.282;17.95;14.613;15.569;18.426;17.094;15.378;17.76
29.06.2019 07:00;17.284;18.14;19.282;18.426;15.187;15.951;18.616;17.284;15.664;18.045
29.06.2019 07:10;17.284;18.426;19.472;18.806;15.664;16.808;18.901;17.379;16.046;19.092
29.06.2019 07:20;17.475;18.711;19.567;19.377;16.046;18.045;19.187;17.57;16.427;19.758
29.06.2019 07:30;17.76;19.092;19.853;19.853;16.427;18.996;19.377;17.855;16.903;20.424
29.06.2019 07:40;18.14;19.187;19.948;19.758;16.903;19.187;19.567;18.14;17.665;20.805
29.06.2019 07:50;18.426;19.567;20.424;20.519;18.045;19.187;19.948;18.426;18.426;21.569
29.06.2019 08:00;18.806;19.948;20.71;21.282;18.711;19.282;19.948;18.901;19.092;22.046
29.06.2019 08:10;19.187;20.138;20.805;21.473;19.282;19.662;20.329;19.377;19.662;22.429
29.06.2019 08:20;19.567;20.329;21.187;21.664;19.948;20.234;20.901;19.853;20.329;22.429
29.06.2019 08:30;20.234;20.71;21.473;21.76;20.615;20.424;21.091;20.519;20.71;22.717
29.06.2019 08:40;21.091;21.187;21.855;22.333;21.187;20.71;21.473;20.901;20.996;22.717
29.06.2019 08:50;21.378;21.378;22.525;22.621;21.855;20.996;21.855;21.664;21.187;23.004
29.06.2019 09:00;21.76;21.664;22.908;23.004;22.525;21.951;22.046;22.333;21.473;23.292
29.06.2019 09:10;22.238;21.76;23.388;23.1;22.908;23.004;22.142;22.717;22.046;23.196
29.06.2019 09:20;22.717;22.046;24.062;23.292;23.1;23.966;22.333;23.196;22.429;23.388
29.06.2019 09:30;22.908;22.333;24.931;23.677;23.677;23.869;22.525;23.773;23.004;23.869
29.06.2019 09:40;23.292;22.525;25.222;24.062;23.484;24.448;22.908;23.869;23.869;24.158
29.06.2019 09:50;23.677;22.908;25.902;24.448;23.677;24.641;23.388;24.158;24.448;24.351
29.06.2019 10:00;24.255;23.196;26.195;24.255;24.062;24.931;23.773;24.545;24.738;24.641
29.06.2019 10:10;24.738;23.581;26.292;24.641;24.545;25.61;24.062;25.319;25.513;25.222
29.06.2019 10:20;25.319;23.869;27.075;25.513;25.028;25.902;24.255;25.513;25.805;25.708
29.06.2019 10:30;26;24.931;27.665;25.513;24.931;26.39;24.835;25.805;26.195;26.292
29.06.2019 10:40;26.292;25.61;27.961;25.805;26;26.879;25.125;26;26.585;26.488
29.06.2019 10:50;26.39;25.61;28.159;26.292;26.781;27.272;25.222;26.292;26.488;27.075
29.06.2019 11:00;27.173;25.902;28.655;26.39;27.173;27.272;25.513;26.879;26.879;26.879
29.06.2019 11:10;27.37;26.39;28.555;26.781;26.781;27.665;26.195;27.075;27.173;27.272
29.06.2019 11:20;27.468;26.879;28.754;26.879;27.173;27.468;26.781;27.272;27.468;27.37
29.06.2019 11:30;27.665;27.468;28.953;27.173;27.764;27.961;27.665;27.468;27.862;27.862
29.06.2019 11:40;28.159;27.961;29.652;27.272;27.665;28.655;27.764;27.665;28.06;27.764
29.06.2019 11:50;28.754;27.468;29.552;27.862;27.862;28.953;28.953;27.862;28.357;28.357
29.06.2019 12:00;29.152;28.06;29.953;27.764;27.961;29.452;29.853;28.06;28.655;28.555
29.06.2019 12:10;29.552;28.456;30.054;27.764;28.655;29.452;29.853;28.258;29.252;28.754
29.06.2019 12:20;29.552;29.053;30.356;28.159;28.953;29.752;30.054;28.655;29.252;29.053
29.06.2019 12:30;30.255;28.754;30.76;28.258;28.555;29.552;30.255;28.853;29.452;29.352
29.06.2019 12:40;30.255;29.352;31.268;28.456;28.357;29.853;31.064;28.555;29.552;29.452
29.06.2019 12:50;30.76;29.853;31.268;28.655;28.357;29.853;31.064;29.053;30.054;29.853
29.06.2019 13:00;30.76;29.552;31.37;29.053;28.555;30.457;30.457;29.552;30.154;30.154
29.06.2019 13:10;30.558;29.352;30.963;29.053;28.555;30.457;31.778;29.853;30.457;30.457
29.06.2019 13:20;30.76;30.255;31.88;29.252;28.953;30.558;31.37;30.558;30.862;30.659
29.06.2019 13:30;31.37;29.953;32.497;29.352;28.953;30.76;31.676;30.963;30.76;30.659
29.06.2019 13:40;31.574;30.255;32.497;29.652;29.152;31.166;32.291;30.76;31.268;30.76
29.06.2019 13:50;31.778;30.659;32.291;29.652;29.452;31.064;32.394;31.268;31.268;30.76
29.06.2019 14:00;32.086;31.064;32.911;29.853;30.054;31.37;32.704;30.963;31.472;31.064
29.06.2019 14:10;31.88;30.963;32.497;29.953;30.862;31.574;32.807;31.574;31.778;31.268
29.06.2019 14:20;32.188;30.862;33.014;30.255;31.268;31.983;33.326;31.778;32.086;31.472
29.06.2019 14:30;32.291;31.064;33.222;30.558;31.37;32.394;33.118;31.778;32.291;31.472
29.06.2019 14:40;32.807;31.472;33.326;30.558;31.472;32.291;33.222;32.291;32.291;31.778
29.06.2019 14:50;33.118;32.086;33.535;30.76;31.88;32.086;34.058;32.188;32.6;32.291
29.06.2019 15:00;33.326;32.188;33.953;31.268;31.88;32.807;33.848;32.394;32.704;31.88
29.06.2019 15:10;33.118;32.188;33.953;31.166;32.086;33.118;34.163;32.497;32.6;31.472
29.06.2019 15:20;33.222;32.911;34.163;31.166;31.983;32.911;34.058;32.704;32.807;31.166
29.06.2019 15:30;33.953;33.535;34.058;31.37;32.497;33.326;33.743;32.704;32.704;31.268
29.06.2019 15:40;34.903;32.497;34.268;31.37;32.704;33.743;34.585;32.807;33.222;31.064
29.06.2019 15:50;34.585;33.639;34.479;31.88;32.704;33.118;34.691;33.118;33.118;31.064
29.06.2019 16:00;34.163;33.43;34.585;32.086;33.014;32.911;34.268;32.807;33.118;31.268
29.06.2019 16:10;33.326;33.326;35.009;31.983;33.43;33.014;34.585;33.326;32.6;31.268
29.06.2019 16:20;33.118;32.497;35.328;32.086;33.43;33.014;34.374;33.118;32.704;31.37
29.06.2019 16:30;33.639;32.704;34.903;32.086;33.535;32.6;33.118;32.911;33.014;31.37
29.06.2019 16:40;33.953;33.848;34.691;31.983;33.743;32.188;32.704;32.911;32.911;31.472
29.06.2019 16:50;34.163;33.118;35.009;31.983;33.639;32.086;32.704;32.807;32.911;31.472
29.06.2019 17:00;34.691;33.639;35.115;32.086;33.848;32.394;33.326;32.807;32.6;31.574
29.06.2019 17:10;35.009;33.535;35.328;32.188;33.953;32.291;33.222;33.43;32.807;31.472
29.06.2019 17:20;34.903;33.43;35.542;31.88;34.058;31.983;33.222;33.222;33.014;31.472
29.06.2019 17:30;35.328;33.535;35.222;31.88;34.058;31.88;32.6;33.43;33.014;31.574
29.06.2019 17:40;34.585;34.163;35.435;31.88;34.058;32.394;32.704;33.118;32.497;31.676
29.06.2019 17:50;34.479;33.743;34.374;31.88;34.058;32.086;32.6;32.6;32.188;31.778
29.06.2019 18:00;34.796;33.953;33.953;31.778;33.848;32.188;32.6;32.394;31.983;31.778
29.06.2019 18:10;34.585;33.535;33.535;31.88;33.639;32.394;32.6;32.497;31.88;31.778
29.06.2019 18:20;34.585;33.848;33.535;31.778;34.163;31.983;32.704;32.291;31.778;31.676
29.06.2019 18:30;34.374;33.743;33.43;31.574;33.953;31.88;32.807;31.983;31.778;31.676
29.06.2019 18:40;34.163;33.639;33.326;31.574;33.639;31.983;32.394;32.086;31.676;31.574
29.06.2019 18:50;33.848;33.43;33.118;31.268;33.848;31.983;32.394;31.983;31.676;31.472
29.06.2019 19:00;33.639;33.014;33.014;30.558;32.911;31.88;32.394;31.88;31.574;31.37
29.06.2019 19:10;33.43;32.394;33.014;30.255;32.497;31.574;32.086;31.88;31.472;31.268
29.06.2019 19:20;33.014;31.983;32.704;29.853;32.291;31.472;31.88;31.778;31.268;31.268
29.06.2019 19:30;32.497;31.983;32.394;29.252;31.983;31.268;31.88;31.676;31.064;31.064
29.06.2019 19:40;31.778;31.88;32.394;28.655;31.88;31.064;31.778;31.778;30.862;30.862
29.06.2019 19:50;31.37;31.676;32.188;28.258;31.268;30.76;31.676;31.574;30.659;30.76
29.06.2019 20:00;31.064;31.472;32.086;28.159;30.457;30.659;31.574;31.574;30.457;30.659
29.06.2019 20:10;30.659;31.268;31.983;27.862;29.652;30.356;31.472;31.37;30.154;30.457
29.06.2019 20:20;30.054;30.963;31.676;27.665;28.953;29.953;31.37;31.166;29.853;30.255
29.06.2019 20:30;29.552;30.862;31.574;27.468;28.357;29.552;31.166;30.963;29.452;30.054
29.06.2019 20:40;29.152;30.558;31.37;27.173;27.862;29.252;30.963;30.659;28.953;29.752
29.06.2019 20:50;28.655;29.853;31.166;26.683;27.468;28.655;30.862;30.558;28.258;29.552
29.06.2019 21:00;28.06;29.152;31.064;26.585;26.977;28.06;30.76;30.154;27.567;29.252
29.06.2019 21:10;27.665;28.655;30.76;26.977;26.488;27.567;30.558;29.853;26.977;28.953
29.06.2019 21:20;27.272;28.456;30.659;26.488;25.805;26.977;30.356;29.552;26.39;28.754
29.06.2019 21:30;26.781;28.06;30.356;25.902;25.125;26.39;29.752;29.352;25.708;28.456
29.06.2019 21:40;26.39;28.06;30.154;24.931;24.448;25.708;29.053;29.053;25.028;28.06
29.06.2019 21:50;26;27.468;30.054;23.677;23.677;25.028;28.456;28.853;24.545;27.567
29.06.2019 22:00;25.902;27.075;29.652;23.196;23.004;24.351;27.764;28.456;24.255;26.977
29.06.2019 22:10;25.61;26.292;29.352;22.525;22.621;23.966;27.468;27.961;23.869;26.488
29.06.2019 22:20;25.61;26.097;28.754;22.717;22.333;23.677;27.173;27.37;23.581;26.097
29.06.2019 22:30;25.222;25.805;28.456;22.525;22.046;23.484;26.977;27.075;23.292;25.805
29.06.2019 22:40;25.028;25.805;28.159;22.046;21.855;23.196;26.585;26.781;23.004;25.513
29.06.2019 22:50;24.835;25.319;28.06;20.901;21.473;23.1;26.195;26.488;22.717;25.319
29.06.2019 23:00;24.835;24.931;27.665;20.901;21.187;22.908;26.097;26.292;22.429;25.125
29.06.2019 23:10;24.641;24.931;27.567;21.569;20.996;22.525;25.902;25.902;22.238;24.835
29.06.2019 23:20;24.255;24.738;27.567;21.187;20.996;22.142;25.61;25.513;22.046;24.545
29.06.2019 23:30;24.158;24.062;27.37;21.187;20.901;21.76;25.416;25.222;21.76;24.351
29.06.2019 23:40;24.158;23.773;27.173;20.519;20.519;21.569;25.513;24.931;21.569;24.351
29.06.2019 23:50;23.773;23.677;26.879;21.473;20.329;21.473;25.319;24.641;21.569;24.351
30.06.2019 00:00;23.581;23.581;26.488;21.091;20.329;21.473;25.222;24.545;21.569;24.448
30.06.2019 00:10;23.1;23.388;26.292;20.138;20.329;21.378;25.028;24.351;21.473;24.351
30.06.2019 00:20;23.1;23.292;26;19.187;20.138;21.187;24.641;24.255;21.282;24.158
30.06.2019 00:30;23.004;23.388;25.805;19.282;20.043;20.996;24.255;23.869;21.187;23.966
30.06.2019 00:40;22.525;23.292;25.319;19.187;19.948;20.805;23.966;23.581;20.901;23.677
30.06.2019 00:50;22.333;22.908;24.931;19.282;19.853;20.615;23.581;23.292;20.71;23.484
30.06.2019 01:00;22.046;22.621;24.931;19.187;19.567;20.519;23.484;23.484;20.424;23.292
30.06.2019 01:10;21.951;22.429;24.738;19.187;19.187;20.329;23.388;23.677;20.138;23.1
30.06.2019 01:20;21.951;22.046;24.931;19.282;18.901;20.138;23.196;23.773;19.853;23.004
30.06.2019 01:30;22.238;21.569;25.028;19.282;18.616;20.234;23.1;23.773;19.758;22.908
30.06.2019 01:40;22.046;21.664;24.641;19.092;18.616;20.138;23.196;23.677;19.758;22.908
30.06.2019 01:50;21.569;21.76;24.545;18.901;18.236;19.853;22.908;23.1;19.758;22.717
30.06.2019 02:00;21.282;21.664;24.835;18.806;18.045;19.662;22.812;22.525;19.567;22.429
30.06.2019 02:10;21.091;21.664;24.545;18.711;18.236;19.377;22.717;22.333;19.377;22.333
30.06.2019 02:20;20.805;21.569;24.545;18.616;18.426;19.187;22.621;22.046;19.187;22.333
30.06.2019 02:30;20.71;21.473;24.062;18.045;18.521;19.282;22.429;21.76;19.092;22.238
30.06.2019 02:40;20.424;21.473;23.292;17.094;18.711;19.092;22.238;21.569;18.901;22.333
30.06.2019 02:50;20.424;21.378;23.1;17.475;18.711;18.901;22.142;21.378;18.711;22.142
30.06.2019 03:00;20.329;20.996;23.004;17.855;18.616;18.711;22.046;21.282;18.521;22.046
30.06.2019 03:10;20.138;20.71;23.1;18.045;18.14;18.521;21.855;21.473;18.426;21.951
30.06.2019 03:20;20.138;20.71;22.908;17.855;17.95;18.521;21.76;21.378;18.236;21.76
30.06.2019 03:30;20.329;20.424;23.004;18.045;17.95;18.426;21.76;21.569;18.14;21.76
30.06.2019 03:40;20.519;20.329;22.717;17.95;18.045;18.331;21.664;21.76;18.14;21.569
30.06.2019 03:50;20.615;19.948;22.429;17.95;18.045;18.426;21.664;21.282;18.14;21.664
30.06.2019 04:00;20.424;20.138;22.717;17.95;17.95;18.426;21.664;20.71;18.331;21.76
30.06.2019 04:10;20.234;20.043;22.717;18.045;17.95;18.331;21.664;20.615;18.331;21.569
30.06.2019 04:20;20.71;20.043;22.238;18.426;17.855;18.14;21.664;20.901;18.236;21.282
30.06.2019 04:30;21.187;20.043;22.238;18.711;17.76;17.95;21.473;21.282;18.236;21.282
30.06.2019 04:40;21.282;20.138;21.664;18.806;17.665;17.855;21.378;21.664;18.236;21.187
30.06.2019 04:50;20.901;19.948;22.142;18.806;17.665;17.76;21.091;20.805;18.236;20.996
30.06.2019 05:00;20.519;19.758;21.76;18.426;17.76;17.76;20.901;20.805;18.14;20.805
30.06.2019 05:10;20.234;19.853;21.664;17.76;17.665;17.855;20.996;21.091;17.95;20.805
30.06.2019 05:20;20.615;19.662;21.951;17.284;17.57;17.76;21.187;21.091;17.95;20.996
30.06.2019 05:30;20.901;19.472;22.142;16.999;17.475;17.76;21.187;21.187;18.14;20.996
30.06.2019 05:40;20.996;19.567;22.238;16.808;17.57;17.665;20.901;20.901;18.236;20.901
30.06.2019 05:50;20.996;19.758;21.855;16.903;17.57;17.665;20.901;20.519;18.236;20.615
30.06.2019 06:00;20.71;19.758;21.664;17.094;17.475;17.57;21.091;20.329;18.045;20.615
30.06.2019 06:10;20.519;19.472;21.855;17.57;17.379;17.57;21.091;20.329;17.95;20.615
30.06.2019 06:20;20.805;19.377;21.473;18.045;17.379;17.76;21.187;20.234;17.95;20.71
30.06.2019 06:30;20.996;19.472;21.187;19.092;17.475;17.95;20.996;20.71;18.045;20.615
30.06.2019 06:40;20.901;19.567;21.282;19.282;17.665;18.236;20.805;21.569;18.331;20.71
30.06.2019 06:50;20.805;19.853;21.951;19.853;17.855;18.426;20.805;21.951;18.901;20.805
30.06.2019 07:00;20.901;20.138;21.855;20.234;18.711;18.806;21.091;22.046;19.472;20.996
30.06.2019 07:10;21.187;20.519;21.951;20.901;19.282;19.472;21.091;22.238;19.853;21.664
30.06.2019 07:20;21.187;20.805;22.333;21.855;19.662;20.424;21.187;22.429;20.138;22.046
30.06.2019 07:30;21.282;21.091;22.429;22.525;20.043;21.187;21.473;22.621;20.424;22.525
30.06.2019 07:40;21.282;21.378;22.621;23.004;20.519;21.473;21.664;22.812;20.71;22.429
30.06.2019 07:50;21.664;21.76;23.1;23.292;20.996;21.569;22.046;23.004;20.996;22.717
30.06.2019 08:00;21.855;22.046;23.388;23.388;21.473;21.664;22.333;23.292;21.473;23.004
30.06.2019 08:10;22.142;22.238;23.773;23.677;22.238;22.046;22.525;23.581;21.855;23.773
30.06.2019 08:20;22.525;22.717;24.158;23.966;22.812;22.525;22.908;23.966;22.238;24.158
30.06.2019 08:30;22.812;23.004;24.351;24.545;23.581;23.004;23.196;24.351;22.525;24.738
30.06.2019 08:40;23.292;23.292;24.931;25.222;24.062;23.484;23.292;24.738;23.004;25.222
30.06.2019 08:50;23.773;23.581;25.222;26;24.835;23.869;23.677;25.319;23.388;25.805
30.06.2019 09:00;24.158;23.966;25.708;26.292;25.513;24.641;24.158;25.805;23.869;26.097
30.06.2019 09:10;24.448;24.448;26.195;26.781;25.902;25.708;24.641;26;24.351;26.195
30.06.2019 09:20;24.931;24.931;26.879;26.781;26.195;26.879;25.319;26.683;24.835;26.977
30.06.2019 09:30;25.416;25.416;27.862;27.075;26.488;27.567;25.805;27.075;25.61;27.665
30.06.2019 09:40;26;25.708;28.953;27.862;26.781;27.862;26;27.272;26.879;28.06
30.06.2019 09:50;26.488;26.195;29.152;27.862;27.075;28.357;26.39;27.862;27.764;28.357
30.06.2019 10:00;27.37;26.488;29.053;27.862;27.272;28.456;26.879;28.655;28.06;28.555
30.06.2019 10:10;27.961;27.075;29.652;28.357;28.159;28.555;27.272;28.853;28.159;29.152
30.06.2019 10:20;28.357;27.567;30.154;28.555;28.357;29.053;27.665;29.252;28.953;29.652
30.06.2019 10:30;28.853;28.06;30.558;28.754;28.953;29.252;28.06;29.452;29.452;30.054
30.06.2019 10:40;29.252;28.555;30.862;29.053;29.152;29.452;28.754;29.853;29.853;29.752
30.06.2019 10:50;29.752;29.152;30.963;29.552;29.452;29.953;29.152;29.853;30.054;29.853
30.06.2019 11:00;29.953;29.452;31.676;29.652;29.452;30.255;29.452;30.255;30.558;30.255
30.06.2019 11:10;30.054;29.752;32.291;29.853;29.652;30.558;29.652;30.457;30.255;30.255
30.06.2019 11:20;30.457;30.154;32.394;30.054;29.752;30.659;30.255;30.862;30.558;30.76
30.06.2019 11:30;30.457;30.457;32.6;29.953;30.154;30.862;30.76;31.166;31.064;31.268
30.06.2019 11:40;30.963;30.862;33.118;29.953;30.558;31.676;31.778;31.472;31.37;31.472
30.06.2019 11:50;31.472;31.37;33.535;30.659;30.76;31.676;32.6;31.778;31.88;32.086
30.06.2019 12:00;32.086;31.574;33.639;30.76;30.963;32.188;32.807;32.086;32.086;31.778
30.06.2019 12:10;32.704;31.983;33.953;31.268;31.268;32.394;32.911;32.497;32.704;32.394
30.06.2019 12:20;33.118;32.291;34.268;31.37;31.472;32.394;33.848;32.807;33.118;32.291
30.06.2019 12:30;33.43;32.497;34.268;31.88;31.574;32.6;34.163;33.222;33.118;32.6
30.06.2019 12:40;33.326;32.704;34.479;32.188;31.983;32.807;34.058;33.222;33.222;32.6
30.06.2019 12:50;33.848;33.014;35.009;31.88;32.188;33.326;34.796;33.743;33.743;32.911
30.06.2019 13:00;33.743;33.118;35.009;32.188;32.394;33.326;34.374;33.43;33.743;33.326
30.06.2019 13:10;33.743;33.326;35.009;32.704;32.497;33.43;34.903;33.953;33.848;33.639
30.06.2019 13:20;34.163;33.639;35.115;32.704;32.704;33.535;34.796;33.953;34.374;33.743
30.06.2019 13:30;34.479;34.058;35.649;33.014;32.807;33.639;35.009;34.479;34.796;33.953
30.06.2019 13:40;35.009;33.953;35.864;33.222;32.807;34.163;35.435;34.585;34.796;34.268
30.06.2019 13:50;34.796;33.953;35.435;33.43;33.326;34.163;35.756;34.268;34.903;34.479
30.06.2019 14:00;34.479;34.268;35.435;33.639;33.639;34.479;35.649;34.374;34.796;34.058
30.06.2019 14:10;34.903;34.479;36.079;33.535;33.535;34.796;35.115;34.796;35.009;34.479
30.06.2019 14:20;35.009;34.691;36.079;33.743;33.639;35.009;35.115;34.479;34.479;34.374
30.06.2019 14:30;35.542;35.009;36.728;34.268;33.953;35.328;35.864;35.115;34.691;34.796
30.06.2019 14:40;35.115;35.009;37.055;34.374;33.953;35.115;35.756;35.435;34.796;34.691
30.06.2019 14:50;35.542;35.222;36.946;34.691;34.374;35.222;35.864;35.649;34.903;34.691
30.06.2019 15:00;35.971;35.542;37.274;34.796;34.585;35.328;36.295;35.649;35.222;34.585
30.06.2019 15:10;36.295;35.222;37.055;34.796;34.691;35.756;36.728;35.756;35.649;34.796
30.06.2019 15:20;36.295;35.222;36.837;35.115;35.115;35.864;36.295;35.542;36.295;34.374
30.06.2019 15:30;36.403;35.649;36.728;34.903;34.374;35.649;36.187;35.864;35.864;34.163
30.06.2019 15:40;36.295;35.756;36.403;34.796;34.903;36.079;36.837;36.295;35.649;34.374
30.06.2019 15:50;36.403;35.864;36.62;34.903;35.115;35.542;37.055;36.403;35.542;34.374
30.06.2019 16:00;36.403;35.756;36.728;35.115;35.435;35.435;37.824;36.295;35.542;34.479
30.06.2019 16:10;36.403;35.756;37.494;35.115;35.542;35.649;37.935;36.079;35.649;34.374
30.06.2019 16:20;36.837;36.187;37.165;35.115;35.756;35.756;36.728;35.971;35.971;34.374
30.06.2019 16:30;37.165;36.511;36.946;35.222;35.756;35.542;36.62;36.295;35.542;34.374
30.06.2019 16:40;37.055;36.295;37.055;34.903;35.222;34.903;36.511;36.62;35.756;34.163
30.06.2019 16:50;37.055;36.511;36.295;35.115;35.649;34.585;36.295;36.728;35.542;34.163
30.06.2019 17:00;37.384;36.295;36.837;35.222;35.864;34.691;36.079;36.728;35.115;34.374
30.06.2019 17:10;37.274;36.62;37.274;35.115;36.295;34.796;35.971;36.511;35.009;34.374
30.06.2019 17:20;37.494;36.187;37.165;34.903;36.295;34.585;36.079;36.511;35.222;34.479
30.06.2019 17:30;37.274;36.403;36.728;35.115;36.295;34.903;35.756;36.295;35.328;34.374
30.06.2019 17:40;37.384;36.837;36.837;35.009;35.971;35.009;35.864;35.864;35.009;34.374
30.06.2019 17:50;37.055;36.295;36.728;35.435;35.971;34.691;36.079;35.435;34.691;34.268
30.06.2019 18:00;36.62;36.728;35.971;35.222;35.864;34.479;35.328;35.328;34.479;34.163
30.06.2019 18:10;36.511;36.403;35.864;34.585;35.756;34.374;35.328;34.903;34.374;34.163
30.06.2019 18:20;36.187;35.971;35.756;34.374;35.435;34.058;35.009;34.796;34.163;33.953
30.06.2019 18:30;36.187;36.62;35.542;34.585;35.435;34.163;34.796;34.903;34.058;33.953
30.06.2019 18:40;35.971;36.079;35.328;34.268;35.222;34.163;34.903;34.796;33.953;33.953
30.06.2019 18:50;35.864;35.756;35.115;33.953;35.222;34.163;34.903;34.374;33.848;33.848
30.06.2019 19:00;35.649;35.009;35.115;33.43;34.903;33.953;34.903;34.479;33.535;33.743
30.06.2019 19:10;34.903;34.479;35.115;32.086;34.585;33.639;34.691;34.374;33.222;33.535
30.06.2019 19:20;34.058;34.479;35.009;31.37;33.953;33.326;34.585;34.374;33.014;33.326
30.06.2019 19:30;33.639;33.953;34.903;31.064;33.326;33.014;34.479;34.374;32.6;33.118
30.06.2019 19:40;33.43;33.43;34.691;30.558;32.6;32.704;34.374;34.058;32.086;32.807
30.06.2019 19:50;33.222;33.43;34.585;30.356;32.188;32.497;34.163;33.953;31.676;32.6
30.06.2019 20:00;33.014;33.639;34.479;30.054;31.778;32.086;34.268;33.953;31.472;32.291
30.06.2019 20:10;32.807;33.43;34.374;29.652;30.862;31.88;33.953;33.848;31.268;32.086
30.06.2019 20:20;32.394;33.014;34.268;29.252;30.255;31.676;33.222;33.535;30.862;31.88
30.06.2019 20:30;31.983;32.394;34.163;28.754;29.652;31.268;32.704;33.222;30.255;31.574
30.06.2019 20:40;31.676;31.166;34.058;28.456;28.953;30.457;32.394;33.118;29.752;31.268
30.06.2019 20:50;31.37;30.356;33.535;28.456;28.456;29.853;31.88;33.014;29.552;30.76
30.06.2019 21:00;30.963;30.054;33.222;27.567;27.764;29.053;31.574;32.807;29.452;30.457
30.06.2019 21:10;30.457;30.255;32.911;27.665;27.272;28.456;31.37;32.086;29.053;30.255
30.06.2019 21:20;29.953;30.356;32.704;27.665;26.977;27.961;31.268;31.472;28.555;30.054
30.06.2019 21:30;29.552;30.054;32.188;27.173;26.488;27.567;30.76;31.064;27.862;29.853
30.06.2019 21:40;29.452;29.752;31.574;26.879;26.292;27.075;30.558;31.064;27.37;29.552
30.06.2019 21:50;29.352;28.754;31.37;26.488;26;27.075;30.154;30.862;27.075;29.252
30.06.2019 22:00;29.152;28.456;30.963;26;25.708;27.37;29.752;30.457;26.879;28.953
30.06.2019 22:10;29.152;28.655;30.659;24.931;25.513;27.37;29.352;30.255;27.37;28.754
30.06.2019 22:20;28.754;27.961;30.76;24.641;25.416;27.075;29.053;29.752;27.272;28.655
30.06.2019 22:30;28.456;27.468;30.659;24.931;25.319;26.683;28.754;29.552;26.977;28.754
30.06.2019 22:40;28.555;27.272;30.558;24.835;24.931;26.39;28.456;29.752;26.683;28.655
30.06.2019 22:50;28.555;26.879;30.255;25.708;24.835;26.097;28.456;29.452;26.585;28.357
30.06.2019 23:00;28.456;26.683;29.652;26.195;24.641;26;28.357;29.152;26.585;28.159
30.06.2019 23:10;28.06;26.781;29.652;25.222;24.255;25.805;28.159;28.953;26.488;28.06
30.06.2019 23:20;27.862;26.585;29.552;24.641;24.255;25.708;27.961;28.655;26.292;28.06
30.06.2019 23:30;27.862;26.39;29.152;24.545;24.738;25.416;27.764;28.456;26;27.961
30.06.2019 23:40;28.159;26.488;28.953;24.158;24.931;25.222;27.468;28.456;25.902;27.665
30.06.2019 23:50;27.764;26.585;28.853;24.255;24.835;25.125;27.468;28.357;25.708;27.468
